operation_id,effect,family,risk_flags,duration_class,validation_status,isolation,legacy_descriptor_flags,read-only,standard,device,full
analysis_operations.angle_between_line_and_plane,state_mutation,model_mutation,,quick,no_recorded_gap,admissible,,false,true,true,true
analysis_operations.angle_between_two_lines,state_mutation,model_mutation,,quick,no_recorded_gap,admissible,,false,true,true,true
analysis_operations.angle_between_two_planes_normals,state_mutation,model_mutation,,quick,no_recorded_gap,admissible,,false,true,true,true
analysis_operations.best_fit_transformation_group_to_group,state_mutation,model_mutation,filesystem_write,quick,no_recorded_gap,admissible,,false,true,true,true
analysis_operations.compute_group_to_group_orientation_rx_ry_rz,state_mutation,model_mutation,,quick,no_recorded_gap,admissible,,false,true,true,true
analysis_operations.create_point_uncertainty_cloud_point_sets,state_mutation,model_mutation,,quick,no_recorded_gap,admissible,,false,true,true,true
analysis_operations.create_point_uncertainty_fields,state_mutation,model_mutation,,quick,no_recorded_gap,admissible,,false,true,true,true
analysis_operations.fit_geometry_to_point_group,state_mutation,model_mutation,,quick,no_recorded_gap,admissible,,false,true,true,true
analysis_operations.fit_geometry_to_point_group_projected_to_plane,state_mutation,model_mutation,,quick,no_recorded_gap,admissible,,false,true,true,true
analysis_operations.fit_geometry_to_points,state_mutation,model_mutation,,quick,no_recorded_gap,admissible,,false,true,true,true
analysis_operations.get_bspline_properties,read_only,pure_read,,quick,no_recorded_gap,admissible,,true,true,true,true
analysis_operations.get_circle_properties,read_only,pure_read,,quick,no_recorded_gap,admissible,,true,true,true,true
analysis_operations.get_cone_properties,read_only,pure_read,,quick,no_recorded_gap,admissible,,true,true,true,true
analysis_operations.get_coordinate_for_ith_point_in_point_set,read_only,pure_read,,quick,no_recorded_gap,admissible,,true,true,true,true
analysis_operations.get_cylinder_properties,read_only,pure_read,,quick,no_recorded_gap,admissible,,true,true,true,true
analysis_operations.get_ellipse_properties,read_only,pure_read,,quick,no_recorded_gap,admissible,,true,true,true,true
analysis_operations.get_euler_parameters_for_frame,read_only,pure_read,,quick,no_recorded_gap,admissible,,true,true,true,true
analysis_operations.get_euler_parameters_for_ith_frame_in_frame_set,read_only,pure_read,,quick,no_recorded_gap,admissible,,true,true,true,true
analysis_operations.get_ith_collection_name,read_only,pure_read,,quick,no_recorded_gap,admissible,,true,true,true,true
analysis_operations.get_ith_point_from_group,read_only,pure_read,,quick,no_recorded_gap,admissible,,true,true,true,true
analysis_operations.get_line_properties,read_only,pure_read,,quick,no_recorded_gap,admissible,,true,true,true,true
analysis_operations.get_measurement_auxiliary_data,read_only,pure_read,,quick,fixture_pending,admissible,fixture_validation_pending,true,true,true,true
analysis_operations.get_measurement_info_data,read_only,pure_read,,quick,fixture_pending,admissible,fixture_validation_pending,true,true,true,true
analysis_operations.get_measurement_weather_data,read_only,pure_read,,quick,fixture_pending,admissible,fixture_validation_pending,true,true,true,true
analysis_operations.get_number_of_collections,read_only,pure_read,,quick,no_recorded_gap,admissible,,true,true,true,true
analysis_operations.get_number_of_frames_in_frame_set,read_only,pure_read,,quick,no_recorded_gap,admissible,,true,true,true,true
analysis_operations.get_number_of_points_in_group,read_only,pure_read,,quick,no_recorded_gap,admissible,,true,true,true,true
analysis_operations.get_number_of_points_in_point_set,read_only,pure_read,,quick,no_recorded_gap,admissible,,true,true,true,true
analysis_operations.get_object_reporting_frame,read_only,pure_read,,quick,fixture_pending,admissible,fixture_validation_pending,true,true,true,true
analysis_operations.get_plane_properties,read_only,pure_read,,quick,no_recorded_gap,admissible,,true,true,true,true
analysis_operations.get_point_coordinate,read_only,pure_read,,quick,no_recorded_gap,admissible,,true,true,true,true
analysis_operations.get_point_coordinate_cylindrical,read_only,pure_read,,quick,no_recorded_gap,admissible,,true,true,true,true
analysis_operations.get_point_coordinate_polar,read_only,pure_read,,quick,no_recorded_gap,admissible,,true,true,true,true
analysis_operations.get_point_properties,read_only,pure_read,,quick,no_recorded_gap,admissible,,true,true,true,true
analysis_operations.get_point_to_line_distance,read_only,pure_read,,quick,no_recorded_gap,admissible,,true,true,true,true
analysis_operations.get_point_to_point_distance,read_only,pure_read,,quick,no_recorded_gap,admissible,,true,true,true,true
analysis_operations.get_point_tolerance,read_only,pure_read,,quick,no_recorded_gap,admissible,,true,true,true,true
analysis_operations.get_slot_properties,read_only,pure_read,,quick,no_recorded_gap,admissible,,true,true,true,true
analysis_operations.get_sphere_properties,read_only,pure_read,,quick,no_recorded_gap,admissible,,true,true,true,true
analysis_operations.get_surface_physical_stats,read_only,pure_read,,quick,no_recorded_gap,admissible,,true,true,true,true
analysis_operations.get_timestamp_for_ith_frame_in_frame_set,read_only,pure_read,,quick,no_recorded_gap,admissible,,true,true,true,true
analysis_operations.get_timestamp_for_ith_point_in_point_set,read_only,pure_read,,quick,no_recorded_gap,admissible,,true,true,true,true
analysis_operations.get_torus_properties,read_only,pure_read,,quick,no_recorded_gap,admissible,,true,true,true,true
analysis_operations.get_transform_for_ith_frame_in_frame_set,read_only,pure_read,,quick,no_recorded_gap,admissible,,true,true,true,true
analysis_operations.group_to_surface_fit,state_mutation,model_mutation,,quick,no_recorded_gap,admissible,,false,true,true,true
analysis_operations.import_geometry_fit_profiles,state_mutation,file_io,filesystem_read,quick,fixture_pending,admissible,fixture_validation_pending,false,true,true,true
analysis_operations.is_object_of_type,read_only,pure_read,,quick,no_recorded_gap,admissible,,true,true,true,true
analysis_operations.make_circle_fit_profile,state_mutation,model_mutation,,quick,no_recorded_gap,admissible,,false,true,true,true
analysis_operations.make_cone_fit_profile,state_mutation,model_mutation,,quick,no_recorded_gap,admissible,,false,true,true,true
analysis_operations.make_cylinder_fit_profile,state_mutation,model_mutation,,quick,no_recorded_gap,admissible,,false,true,true,true
analysis_operations.make_ellipse_fit_profile,state_mutation,model_mutation,,quick,no_recorded_gap,admissible,,false,true,true,true
analysis_operations.make_line_fit_profile,state_mutation,model_mutation,,quick,no_recorded_gap,admissible,,false,true,true,true
analysis_operations.make_paraboloid_fit_profile,state_mutation,model_mutation,,quick,no_recorded_gap,admissible,,false,true,true,true
analysis_operations.make_plane_fit_profile,state_mutation,model_mutation,,quick,no_recorded_gap,admissible,,false,true,true,true
analysis_operations.make_slot_fit_profile,state_mutation,model_mutation,,quick,no_recorded_gap,admissible,,false,true,true,true
analysis_operations.make_sphere_fit_profile,state_mutation,model_mutation,,quick,no_recorded_gap,admissible,,false,true,true,true
analysis_operations.mushroom_target_hole_inspection,state_mutation,model_mutation,,quick,no_recorded_gap,admissible,,false,true,true,true
analysis_operations.patch_normal_shift_hole_pin,state_mutation,model_mutation,,quick,no_recorded_gap,admissible,,false,true,true,true
analysis_operations.patch_normal_shift_point,state_mutation,model_mutation,,quick,no_recorded_gap,admissible,,false,true,true,true
analysis_operations.query_clouds_to_objects,read_only,pure_read,,quick,fixture_pending,admissible,fixture_validation_pending,true,true,true,true
analysis_operations.query_clouds_to_surface,read_only,pure_read,,quick,fixture_pending,admissible,fixture_validation_pending,true,true,true,true
analysis_operations.query_frame_to_frame,read_only,pure_read,,quick,no_recorded_gap,admissible,,true,true,true,true
analysis_operations.query_groups_to_objects,read_only,pure_read,,quick,no_recorded_gap,admissible,,true,true,true,true
analysis_operations.query_point_to_objects,read_only,pure_read,,quick,no_recorded_gap,admissible,,true,true,true,true
analysis_operations.query_point_to_point_along_curve,read_only,pure_read,,quick,no_recorded_gap,admissible,,true,true,true,true
analysis_operations.query_points_to_circle,read_only,pure_read,,quick,no_recorded_gap,admissible,,true,true,true,true
analysis_operations.query_points_to_objects,read_only,pure_read,,quick,no_recorded_gap,admissible,,true,true,true,true
analysis_operations.query_points_to_single_point,read_only,pure_read,,quick,no_recorded_gap,admissible,,true,true,true,true
analysis_operations.re_compute_calculated_items,state_mutation,model_mutation,,quick,no_recorded_gap,admissible,,false,true,true,true
analysis_operations.rename_points_based_on_inter_point_distance_to_reference_points,state_mutation,model_mutation,,quick,fixture_pending,admissible,fixture_validation_pending,false,true,true,true
analysis_operations.rename_points_based_on_proximity_to_reference_points,state_mutation,model_mutation,,quick,no_recorded_gap,admissible,,false,true,true,true
analysis_operations.reverse_bsplines,state_mutation,model_mutation,,quick,no_recorded_gap,admissible,,false,true,true,true
analysis_operations.reverse_plane_normals,state_mutation,model_mutation,,quick,no_recorded_gap,admissible,,false,true,true,true
analysis_operations.reverse_surface_normals,state_mutation,model_mutation,,quick,no_recorded_gap,admissible,,false,true,true,true
analysis_operations.set_circle_properties,state_mutation,model_mutation,,quick,no_recorded_gap,admissible,,false,true,true,true
analysis_operations.set_cone_properties,state_mutation,model_mutation,,quick,no_recorded_gap,admissible,,false,true,true,true
analysis_operations.set_cylinder_properties,state_mutation,model_mutation,,quick,no_recorded_gap,admissible,,false,true,true,true
analysis_operations.set_default_colorization_options,state_mutation,model_mutation,,quick,no_recorded_gap,admissible,,false,true,true,true
analysis_operations.set_ellipse_properties,state_mutation,model_mutation,,quick,no_recorded_gap,admissible,,false,true,true,true
analysis_operations.set_geometry_relationship_fit_profile,state_mutation,model_mutation,,quick,no_recorded_gap,admissible,,false,true,true,true
analysis_operations.set_line_properties,state_mutation,model_mutation,,quick,no_recorded_gap,admissible,,false,true,true,true
analysis_operations.set_measurement_auxiliary_data,state_mutation,model_mutation,,quick,fixture_pending,admissible,fixture_validation_pending,false,true,true,true
analysis_operations.set_object_reporting_frame,state_mutation,model_mutation,,quick,no_recorded_gap,admissible,,false,true,true,true
analysis_operations.set_point_properties,state_mutation,model_mutation,,quick,no_recorded_gap,admissible,,false,true,true,true
analysis_operations.set_point_weights_from_uncertainties,state_mutation,model_mutation,,quick,no_recorded_gap,admissible,,false,true,true,true
analysis_operations.set_transform_for_ith_frame_in_frame_set,state_mutation,model_mutation,,quick,no_recorded_gap,admissible,,false,true,true,true
analysis_operations.sphere_axis_check,state_mutation,model_mutation,,quick,no_recorded_gap,admissible,,false,true,true,true
analysis_operations.temperature_compensate_a_group,state_mutation,model_mutation,,quick,no_recorded_gap,admissible,,false,true,true,true
analysis_operations.transform_objects_by_delta_about_working_frame,state_mutation,model_mutation,,quick,no_recorded_gap,admissible,,false,true,true,true
analysis_operations.transform_objects_by_delta_world_transform_operator,state_mutation,model_mutation,,quick,no_recorded_gap,admissible,,false,true,true,true
analysis_operations.transform_objects_frame_to_frame,state_mutation,model_mutation,,quick,no_recorded_gap,admissible,,false,true,true,true
analysis_operations.translate_objects_by_delta,state_mutation,model_mutation,,quick,no_recorded_gap,admissible,,false,true,true,true
cloud_and_mesh_operations.clear_cloud_point_deviations,state_mutation,destructive_model,destructive,quick,no_recorded_gap,admissible,,false,true,true,true
cloud_and_mesh_operations.cloud_display_control,state_mutation,model_mutation,,quick,no_recorded_gap,admissible,,false,true,true,true
cloud_and_mesh_operations.consolidate_mesh,state_mutation,model_mutation,,quick,no_recorded_gap,admissible,,false,true,true,true
cloud_and_mesh_operations.delete_cloud_points_by_radial_distance_from_points,state_mutation,destructive_model,destructive,quick,no_recorded_gap,admissible,destructive,false,true,true,true
cloud_and_mesh_operations.delete_cloud_points_by_xyz_range,state_mutation,destructive_model,destructive,quick,no_recorded_gap,admissible,destructive,false,true,true,true
cloud_and_mesh_operations.enable_all_cloud_cross_sections,state_mutation,model_mutation,,quick,no_recorded_gap,admissible,,false,true,true,true
cloud_and_mesh_operations.enable_disable_cloud_cross_sections,state_mutation,model_mutation,,quick,no_recorded_gap,admissible,,false,true,true,true
cloud_and_mesh_operations.enable_single_cloud_cross_section,state_mutation,model_mutation,,quick,no_recorded_gap,admissible,,false,true,true,true
cloud_and_mesh_operations.filter_clouds_to_bsplines,state_mutation,model_mutation,,quick,no_recorded_gap,admissible,,false,true,true,true
cloud_and_mesh_operations.filter_clouds_to_group,state_mutation,model_mutation,,quick,no_recorded_gap,admissible,,false,true,true,true
cloud_and_mesh_operations.filter_clouds_to_line_segment,state_mutation,model_mutation,,quick,no_recorded_gap,admissible,,false,true,true,true
cloud_and_mesh_operations.filter_clouds_to_plane,state_mutation,model_mutation,,quick,no_recorded_gap,admissible,,false,true,true,true
cloud_and_mesh_operations.filter_clouds_to_surface,state_mutation,model_mutation,,quick,no_recorded_gap,admissible,,false,true,true,true
cloud_and_mesh_operations.filter_clouds_to_vector_groups_resolve_clouds,state_mutation,model_mutation,,quick,no_recorded_gap,admissible,,false,true,true,true
cloud_and_mesh_operations.filter_clouds_to_vector_groups_resolve_points,state_mutation,model_mutation,,quick,no_recorded_gap,admissible,,false,true,true,true
cloud_and_mesh_operations.generate_general_mesh,state_mutation,model_mutation,filesystem_read,long_running,no_recorded_gap,admissible,,false,true,true,true
cloud_and_mesh_operations.get_cloud_point_count,read_only,pure_read,,quick,no_recorded_gap,admissible,,true,true,true,true
cloud_and_mesh_operations.get_cloud_rgb_values,read_only,pure_read,,quick,no_recorded_gap,admissible,,true,true,true,true
cloud_and_mesh_operations.get_cloud_rgb_values_near_point,read_only,pure_read,,quick,no_recorded_gap,admissible,,true,true,true,true
cloud_and_mesh_operations.get_number_of_cross_sections_in_cross_section_cloud,read_only,pure_read,,quick,no_recorded_gap,admissible,,true,true,true,true
cloud_and_mesh_operations.mesh_fill_holes,state_mutation,model_mutation,,quick,no_recorded_gap,admissible,,false,true,true,true
cloud_and_mesh_operations.mesh_volume,read_only,pure_read,,quick,no_recorded_gap,admissible,,true,true,true,true
cloud_and_mesh_operations.new_raster_scan_edge_inspection,state_mutation,model_mutation,filesystem_write,quick,no_recorded_gap,admissible,,false,true,true,true
cloud_and_mesh_operations.raster_scan_edge_inspection,state_mutation,model_mutation,,quick,no_recorded_gap,admissible,,false,true,true,true
cloud_and_mesh_operations.reset_cloud_bounding_box,state_mutation,model_mutation,,quick,no_recorded_gap,admissible,,false,true,true,true
cloud_and_mesh_operations.rgb_cloud_point_filter,state_mutation,model_mutation,,quick,no_recorded_gap,admissible,,false,true,true,true
cloud_and_mesh_operations.set_cloud_default_clipping_plane,state_mutation,model_mutation,,quick,no_recorded_gap,admissible,,false,true,true,true
cloud_and_mesh_operations.subdivide_cloud_by_point_spacing,state_mutation,model_mutation,,quick,no_recorded_gap,admissible,,false,true,true,true
construction_operations.add_collection_instruments_to_ref_list_wildcard_selection,state_mutation,model_mutation,,quick,no_recorded_gap,admissible,,false,true,true,true
construction_operations.add_surface_to_mesh_offset_along_reference_direction,state_mutation,model_mutation,,quick,no_recorded_gap,admissible,,false,true,true,true
construction_operations.auto_arrange_callout_view,state_mutation,model_mutation,,quick,no_recorded_gap,admissible,,false,true,true,true
construction_operations.average_set_of_groups,state_mutation,model_mutation,,quick,no_recorded_gap,admissible,,false,true,true,true
construction_operations.clear_hidden_point_bar_database,state_mutation,destructive_model,destructive,quick,no_recorded_gap,admissible,,false,true,true,true
construction_operations.construct_b_spline_from_intersection_of_plane_and_surface,state_mutation,model_mutation,,quick,no_recorded_gap,admissible,,false,true,true,true
construction_operations.construct_b_spline_from_intersection_of_surfaces,state_mutation,model_mutation,,quick,no_recorded_gap,admissible,,false,true,true,true
construction_operations.construct_b_spline_from_point_set,state_mutation,model_mutation,,quick,no_recorded_gap,admissible,,false,true,true,true
construction_operations.construct_b_spline_from_points,state_mutation,model_mutation,,quick,no_recorded_gap,admissible,,false,true,true,true
construction_operations.construct_b_spline_from_several_b_splines,state_mutation,model_mutation,,quick,no_recorded_gap,admissible,,false,true,true,true
construction_operations.construct_b_splines_from_intersection_of_plane_and_mesh,state_mutation,model_mutation,,quick,no_recorded_gap,admissible,,false,true,true,true
construction_operations.construct_b_splines_from_lines,state_mutation,model_mutation,,quick,no_recorded_gap,admissible,,false,true,true,true
construction_operations.construct_b_splines_from_surfaces,state_mutation,model_mutation,,quick,no_recorded_gap,admissible,,false,true,true,true
construction_operations.construct_boundary_points_from_cloud,state_mutation,model_mutation,,quick,no_recorded_gap,admissible,,false,true,true,true
construction_operations.construct_circle,state_mutation,model_mutation,,quick,no_recorded_gap,admissible,,false,true,true,true
construction_operations.construct_circles_from_surface_faces_runtime_select,state_mutation,interactive_ui,interactive_ui,interactive,no_recorded_gap,admissible,,false,false,false,false
construction_operations.construct_circles_lines_from_surfaces,state_mutation,model_mutation,,quick,no_recorded_gap,admissible,,false,true,true,true
construction_operations.construct_collection,state_mutation,model_mutation,,quick,no_recorded_gap,admissible,,false,true,true,true
construction_operations.construct_cone,state_mutation,model_mutation,,quick,no_recorded_gap,admissible,,false,true,true,true
construction_operations.construct_cones_from_surface_faces_runtime_select,state_mutation,interactive_ui,interactive_ui,interactive,no_recorded_gap,admissible,,false,false,false,false
construction_operations.construct_cross_section_cloud,state_mutation,model_mutation,,quick,no_recorded_gap,admissible,,false,true,true,true
construction_operations.construct_cross_section_cloud_user_select,state_mutation,interactive_ui,interactive_ui,interactive,no_recorded_gap,admissible,,false,false,false,false
construction_operations.construct_cylinder,state_mutation,model_mutation,,quick,no_recorded_gap,admissible,,false,true,true,true
construction_operations.construct_cylinder_from_end_points,state_mutation,model_mutation,,quick,no_recorded_gap,admissible,,false,true,true,true
construction_operations.construct_cylinders_from_surface_faces_runtime_select,state_mutation,interactive_ui,interactive_ui,interactive,no_recorded_gap,admissible,,false,false,false,false
construction_operations.construct_ellipse,state_mutation,model_mutation,,quick,no_recorded_gap,admissible,,false,true,true,true
construction_operations.construct_ellipsoid,state_mutation,model_mutation,,quick,no_recorded_gap,admissible,,false,true,true,true
construction_operations.construct_folders,state_mutation,model_mutation,,quick,no_recorded_gap,admissible,,false,true,true,true
construction_operations.construct_frame,state_mutation,model_mutation,,quick,no_recorded_gap,admissible,,false,true,true,true
construction_operations.construct_frame_at_point_with_working_z_and_clocked_axis,state_mutation,model_mutation,,quick,no_recorded_gap,admissible,,false,true,true,true
construction_operations.construct_frame_at_robot_link,state_mutation,model_mutation,,quick,no_recorded_gap,admissible,,false,true,true,true
construction_operations.construct_frame_average_of_other_object_frames,state_mutation,model_mutation,,quick,no_recorded_gap,admissible,,false,true,true,true
construction_operations.construct_frame_copy_and_make_left_handed,state_mutation,model_mutation,,quick,no_recorded_gap,admissible,,false,true,true,true
construction_operations.construct_frame_from_point_measurement_probing_frames,state_mutation,model_mutation,,quick,no_recorded_gap,admissible,,false,true,true,true
construction_operations.construct_frame_from_transform_in_world,state_mutation,model_mutation,,quick,no_recorded_gap,admissible,,false,true,true,true
construction_operations.construct_frame_known_origin_object_direction_object_direction,state_mutation,model_mutation,,quick,no_recorded_gap,admissible,,false,true,true,true
construction_operations.construct_frame_on_instrument_base,state_mutation,model_mutation,,quick,no_recorded_gap,admissible,,false,true,true,true
construction_operations.construct_frame_on_object,state_mutation,model_mutation,,quick,no_recorded_gap,admissible,,false,true,true,true
construction_operations.construct_frame_pick_origin_and_point_on_x_axis_clock_z_along_working_z,state_mutation,interactive_ui,interactive_ui,interactive,no_recorded_gap,admissible,,false,false,false,false
construction_operations.construct_frame_three_planes,state_mutation,model_mutation,,quick,no_recorded_gap,admissible,,false,true,true,true
construction_operations.construct_frame_three_points,state_mutation,model_mutation,,quick,no_recorded_gap,admissible,,false,true,true,true
construction_operations.construct_frame_with_wizard,state_mutation,interactive_ui,interactive_ui,interactive,no_recorded_gap,admissible,,false,false,false,false
construction_operations.construct_frames_by_projecting_frames_on_mesh_along_frame_direction,state_mutation,model_mutation,,quick,no_recorded_gap,admissible,,false,true,true,true
construction_operations.construct_frames_by_projecting_frames_on_mesh_along_reference_direction,state_mutation,model_mutation,,quick,no_recorded_gap,admissible,,false,true,true,true
construction_operations.construct_geometry_from_surfaces,state_mutation,model_mutation,,quick,no_recorded_gap,admissible,,false,true,true,true
construction_operations.construct_line_center_of_slot,state_mutation,model_mutation,,quick,no_recorded_gap,admissible,,false,true,true,true
construction_operations.construct_line_from_instrument_shot,state_mutation,model_mutation,,quick,no_recorded_gap,admissible,,false,true,true,true
construction_operations.construct_line_normal_to_object,state_mutation,model_mutation,,quick,no_recorded_gap,admissible,,false,true,true,true
construction_operations.construct_line_normal_to_object_through_point,state_mutation,model_mutation,,quick,no_recorded_gap,admissible,,false,true,true,true
construction_operations.construct_line_project_line_to_object_reference_plane,state_mutation,model_mutation,,quick,no_recorded_gap,admissible,,false,true,true,true
construction_operations.construct_line_two_plane_intersection,state_mutation,model_mutation,,quick,no_recorded_gap,admissible,,false,true,true,true
construction_operations.construct_line_two_points,state_mutation,model_mutation,,quick,no_recorded_gap,admissible,,false,true,true,true
construction_operations.construct_line_two_points_vector_notation,state_mutation,model_mutation,,quick,no_recorded_gap,admissible,,false,true,true,true
construction_operations.construct_lines_from_surface_faces_runtime_select,state_mutation,interactive_ui,interactive_ui,interactive,no_recorded_gap,admissible,,false,false,false,false
construction_operations.construct_mirror_cube_frame,state_mutation,model_mutation,,quick,no_recorded_gap,admissible,,false,true,true,true
construction_operations.construct_objects_from_surface_faces_runtime_select,state_mutation,interactive_ui,interactive_ui,interactive,no_recorded_gap,admissible,,false,false,false,false
construction_operations.construct_perimeter_from_points,state_mutation,model_mutation,,quick,no_recorded_gap,admissible,,false,true,true,true
construction_operations.construct_plane,state_mutation,model_mutation,,quick,no_recorded_gap,admissible,,false,true,true,true
construction_operations.construct_plane_normal_to_object_through_point,state_mutation,model_mutation,,quick,no_recorded_gap,admissible,,false,true,true,true
construction_operations.construct_planes_bisect_two_planes,state_mutation,model_mutation,,quick,no_recorded_gap,admissible,,false,true,true,true
construction_operations.construct_planes_bounding_point_group,state_mutation,model_mutation,,quick,no_recorded_gap,admissible,,false,true,true,true
construction_operations.construct_planes_from_surface_faces_runtime_select,state_mutation,interactive_ui,interactive_ui,interactive,no_recorded_gap,admissible,,false,false,false,false
construction_operations.construct_point_at_circle_center,state_mutation,model_mutation,,quick,no_recorded_gap,admissible,,false,true,true,true
construction_operations.construct_point_at_intersection_of_b_spline_and_surfaces,state_mutation,model_mutation,,quick,no_recorded_gap,admissible,,false,true,true,true
construction_operations.construct_point_at_intersection_of_plane_and_line,state_mutation,model_mutation,,quick,no_recorded_gap,admissible,,false,true,true,true
construction_operations.construct_point_at_intersection_of_planes,state_mutation,model_mutation,,quick,no_recorded_gap,admissible,,false,true,true,true
construction_operations.construct_point_at_intersection_of_two_b_splines,state_mutation,model_mutation,,quick,no_recorded_gap,admissible,,false,true,true,true
construction_operations.construct_point_at_intersection_of_two_lines,state_mutation,model_mutation,,quick,no_recorded_gap,admissible,,false,true,true,true
construction_operations.construct_point_at_line_midpoint,state_mutation,model_mutation,,quick,no_recorded_gap,admissible,,false,true,true,true
construction_operations.construct_point_at_object_origin,state_mutation,model_mutation,,quick,no_recorded_gap,admissible,,false,true,true,true
construction_operations.construct_point_at_projection_of_point_onto_object,state_mutation,model_mutation,,quick,no_recorded_gap,admissible,,false,true,true,true
construction_operations.construct_point_cloud_from_existing_clouds,state_mutation,model_mutation,,quick,no_recorded_gap,admissible,,false,true,true,true
construction_operations.construct_point_cloud_from_visible_cloud_points,state_mutation,model_mutation,,quick,no_recorded_gap,admissible,,false,true,true,true
construction_operations.construct_point_cloud_limiting_probing_directions,state_mutation,model_mutation,,quick,no_recorded_gap,admissible,,false,true,true,true
construction_operations.construct_point_clouds_from_existing_cloud_points_runtime_select,state_mutation,interactive_ui,interactive_ui,interactive,no_recorded_gap,admissible,,false,false,false,false
construction_operations.construct_point_clouds_from_existing_clouds_uniform_spacing,state_mutation,model_mutation,,quick,no_recorded_gap,admissible,,false,true,true,true
construction_operations.construct_point_clouds_from_existing_point_group,state_mutation,model_mutation,,quick,no_recorded_gap,admissible,,false,true,true,true
construction_operations.construct_point_fit_to_points,state_mutation,model_mutation,,quick,no_recorded_gap,admissible,,false,true,true,true
construction_operations.construct_point_from_cloud_point_runtime_select,state_mutation,interactive_ui,interactive_ui,interactive,no_recorded_gap,admissible,,false,false,false,false
construction_operations.construct_point_from_survey_target_center,state_mutation,model_mutation,,quick,no_recorded_gap,admissible,,false,true,true,true
construction_operations.construct_point_group_from_point_cloud,state_mutation,model_mutation,,quick,no_recorded_gap,admissible,,false,true,true,true
construction_operations.construct_point_group_from_point_name_ref_list,state_mutation,model_mutation,,quick,no_recorded_gap,admissible,,false,true,true,true
construction_operations.construct_point_groups_from_vector_groups,state_mutation,model_mutation,,quick,no_recorded_gap,admissible,,false,true,true,true
construction_operations.construct_point_in_working_coordinates,state_mutation,model_mutation,,quick,no_recorded_gap,admissible,,false,true,true,true
construction_operations.construct_points_at_intersection_of_circle_and_line,state_mutation,model_mutation,,quick,no_recorded_gap,admissible,,false,true,true,true
construction_operations.construct_points_at_intersection_of_principal_object_axes_and_surfaces,state_mutation,model_mutation,,quick,no_recorded_gap,admissible,,false,true,true,true
construction_operations.construct_points_at_projection_on_surfaces_parallel_to_wcf_axis,state_mutation,model_mutation,,quick,no_recorded_gap,admissible,,false,true,true,true
construction_operations.construct_points_at_projection_on_surfaces_radial_from_wcf_axis,state_mutation,model_mutation,,quick,no_recorded_gap,admissible,,false,true,true,true
construction_operations.construct_points_at_projection_on_surfaces_spherical_from_wcf_origin,state_mutation,model_mutation,,quick,no_recorded_gap,admissible,,false,true,true,true
construction_operations.construct_points_auto_correspond_two_groups_inter_point_distance,state_mutation,model_mutation,,quick,no_recorded_gap,admissible,,false,true,true,true
construction_operations.construct_points_auto_correspond_two_groups_proximity,state_mutation,model_mutation,,quick,no_recorded_gap,admissible,,false,true,true,true
construction_operations.construct_points_by_projecting_points_on_mesh_along_direction,state_mutation,model_mutation,,quick,no_recorded_gap,admissible,,false,true,true,true
construction_operations.construct_points_cylindrically_shifted,state_mutation,model_mutation,,quick,no_recorded_gap,admissible,,false,true,true,true
construction_operations.construct_points_from_cylinder,state_mutation,model_mutation,,quick,no_recorded_gap,admissible,,false,true,true,true
construction_operations.construct_points_from_surface_faces_runtime_select,state_mutation,interactive_ui,interactive_ui,interactive,no_recorded_gap,admissible,,false,false,false,false
construction_operations.construct_points_from_surfaces_on_uv_grid,state_mutation,model_mutation,,quick,no_recorded_gap,admissible,,false,true,true,true
construction_operations.construct_points_layout_on_grid,state_mutation,model_mutation,,quick,no_recorded_gap,admissible,,false,true,true,true
construction_operations.construct_points_n_spaced_on_curves,state_mutation,model_mutation,,quick,no_recorded_gap,admissible,,false,true,true,true
construction_operations.construct_points_on_curves_using_max_chordal_deviation,state_mutation,model_mutation,,quick,no_recorded_gap,admissible,,false,true,true,true
construction_operations.construct_points_on_object_vertices,state_mutation,model_mutation,,quick,no_recorded_gap,admissible,,false,true,true,true
construction_operations.construct_points_on_surfaces_by_clicking,state_mutation,interactive_ui,interactive_ui,interactive,no_recorded_gap,admissible,,false,false,false,false
construction_operations.construct_points_shifted_in_working_frame,state_mutation,model_mutation,,quick,no_recorded_gap,admissible,,false,true,true,true
construction_operations.construct_points_spaced_at_distance_on_curves,state_mutation,model_mutation,,quick,no_recorded_gap,admissible,,false,true,true,true
construction_operations.construct_points_subset_with_greatest_spacing,state_mutation,model_mutation,,quick,no_recorded_gap,admissible,,false,true,true,true
construction_operations.construct_points_wildcard_selection,state_mutation,model_mutation,,quick,no_recorded_gap,admissible,,false,true,true,true
construction_operations.construct_polygonized_surface_from_point_clouds,state_mutation,model_mutation,,long_running,no_recorded_gap,admissible,,false,true,true,true
construction_operations.construct_scale_bar,state_mutation,model_mutation,,quick,no_recorded_gap,admissible,,false,true,true,true
construction_operations.construct_sphere,state_mutation,model_mutation,,quick,no_recorded_gap,admissible,,false,true,true,true
construction_operations.construct_spheres_from_surface_faces_runtime_select,state_mutation,interactive_ui,interactive_ui,interactive,no_recorded_gap,admissible,,false,false,false,false
construction_operations.construct_surface_by_dissecting_surfaces,state_mutation,interactive_ui,interactive_ui,interactive,no_recorded_gap,admissible,,false,false,false,false
construction_operations.construct_surface_by_offsetting_surface,state_mutation,model_mutation,,quick,no_recorded_gap,admissible,,false,true,true,true
construction_operations.construct_surface_fit_from_nominal_surfaces_and_actual_data,state_mutation,model_mutation,,quick,no_recorded_gap,admissible,,false,true,true,true
construction_operations.construct_surface_from_annotation_links,state_mutation,model_mutation,,quick,no_recorded_gap,admissible,,false,true,true,true
construction_operations.construct_surface_from_b_splines,state_mutation,model_mutation,,quick,no_recorded_gap,admissible,,false,true,true,true
construction_operations.construct_surface_from_collection_of_surfaces,state_mutation,model_mutation,,quick,no_recorded_gap,admissible,,false,true,true,true
construction_operations.construct_surface_from_cone,state_mutation,model_mutation,,quick,no_recorded_gap,admissible,,false,true,true,true
construction_operations.construct_surface_from_cylinder,state_mutation,model_mutation,,quick,no_recorded_gap,admissible,,false,true,true,true
construction_operations.construct_surface_from_plane,state_mutation,model_mutation,,quick,no_recorded_gap,admissible,,false,true,true,true
construction_operations.construct_surface_from_point_groups,state_mutation,model_mutation,,quick,no_recorded_gap,admissible,,false,true,true,true
construction_operations.construct_surface_from_sphere,state_mutation,model_mutation,,quick,no_recorded_gap,admissible,,false,true,true,true
construction_operations.construct_surfaces_by_dissecting_surfaces_from_ref_list,state_mutation,model_mutation,,quick,no_recorded_gap,admissible,,false,true,true,true
construction_operations.construct_surfaces_by_projecting_points,state_mutation,model_mutation,,quick,no_recorded_gap,admissible,,false,true,true,true
construction_operations.construct_surfaces_from_objects,state_mutation,model_mutation,,quick,no_recorded_gap,admissible,,false,true,true,true
construction_operations.construct_vector_group_area_profile_check,state_mutation,model_mutation,,quick,no_recorded_gap,admissible,,false,true,true,true
construction_operations.construct_vector_group_from_relationship,state_mutation,model_mutation,,quick,no_recorded_gap,admissible,,false,true,true,true
construction_operations.construct_vector_group_from_vector_name_ref_list,state_mutation,model_mutation,,quick,no_recorded_gap,admissible,,false,true,true,true
construction_operations.construct_vector_group_group_to_group_compare,state_mutation,model_mutation,,quick,no_recorded_gap,admissible,,false,true,true,true
construction_operations.construct_vector_in_working_coordinates_begin_delta,state_mutation,model_mutation,,quick,no_recorded_gap,admissible,,false,true,true,true
construction_operations.construct_vector_in_working_coordinates_begin_direction_magnitude,state_mutation,model_mutation,,quick,no_recorded_gap,admissible,,false,true,true,true
construction_operations.copy_groups_excluding_obscured_points,state_mutation,model_mutation,,quick,no_recorded_gap,admissible,,false,true,true,true
construction_operations.copy_object,state_mutation,model_mutation,,quick,no_recorded_gap,admissible,,false,true,true,true
construction_operations.copy_objects_point_to_point_delta,state_mutation,model_mutation,,quick,no_recorded_gap,admissible,,false,true,true,true
construction_operations.copy_objects_to_a_collection,state_mutation,model_mutation,,quick,no_recorded_gap,admissible,,false,true,true,true
construction_operations.create_hidden_point,state_mutation,model_mutation,,quick,no_recorded_gap,admissible,,false,true,true,true
construction_operations.create_hidden_point_rod,state_mutation,model_mutation,,quick,no_recorded_gap,admissible,,false,true,true,true
construction_operations.create_min_max_vector_group_callout,state_mutation,model_mutation,,quick,no_recorded_gap,admissible,,false,true,true,true
construction_operations.create_picture_callout,state_mutation,model_mutation,,quick,no_recorded_gap,admissible,,false,true,true,true
construction_operations.create_point_callout,state_mutation,model_mutation,,quick,no_recorded_gap,admissible,,false,true,true,true
construction_operations.create_point_comparison_callout,state_mutation,model_mutation,,quick,no_recorded_gap,admissible,,false,true,true,true
construction_operations.create_relationship_callout,state_mutation,model_mutation,,quick,no_recorded_gap,admissible,,false,true,true,true
construction_operations.create_text_callout,state_mutation,model_mutation,,quick,no_recorded_gap,admissible,,false,true,true,true
construction_operations.create_vector_callout,state_mutation,model_mutation,,quick,no_recorded_gap,admissible,,false,true,true,true
construction_operations.decompose_transform_into_doubles_euler_xyz,state_mutation,model_mutation,,quick,no_recorded_gap,admissible,,false,true,true,true
construction_operations.decompose_transform_into_doubles_euler_zxz,state_mutation,model_mutation,,quick,no_recorded_gap,admissible,,false,true,true,true
construction_operations.decompose_transform_into_doubles_euler_zyx,state_mutation,model_mutation,,quick,no_recorded_gap,admissible,,false,true,true,true
construction_operations.decompose_transform_into_doubles_euler_zyz,state_mutation,model_mutation,,quick,no_recorded_gap,admissible,,false,true,true,true
construction_operations.decompose_transform_into_doubles_fixed_xyz,state_mutation,model_mutation,,quick,no_recorded_gap,admissible,,false,true,true,true
construction_operations.decompose_transform_into_vectors_fixed_xyz,state_mutation,model_mutation,,quick,no_recorded_gap,admissible,,false,true,true,true
construction_operations.decompose_transform_into_vectors_origin_and_axes,state_mutation,model_mutation,,quick,no_recorded_gap,admissible,,false,true,true,true
construction_operations.decompose_world_transform_operator_into_doubles_fixed_xyz_in_world,state_mutation,model_mutation,,quick,no_recorded_gap,admissible,,false,true,true,true
construction_operations.decompose_world_transform_operator_into_vectors_fixed_xyz_in_world,state_mutation,model_mutation,,quick,no_recorded_gap,admissible,,false,true,true,true
construction_operations.delete_callout_view,state_mutation,destructive_model,destructive,quick,no_recorded_gap,admissible,destructive,false,true,true,true
construction_operations.delete_collection,state_mutation,destructive_model,destructive,quick,no_recorded_gap,admissible,destructive,false,true,true,true
construction_operations.delete_collections_by_wildcard,state_mutation,destructive_model,destructive,quick,no_recorded_gap,admissible,,false,true,true,true
construction_operations.delete_folders_by_wildcard,state_mutation,destructive_model,destructive,quick,no_recorded_gap,admissible,,false,true,true,true
construction_operations.delete_hidden_point_rod,state_mutation,destructive_model,destructive,quick,no_recorded_gap,admissible,destructive,false,true,true,true
construction_operations.delete_points,state_mutation,destructive_model,destructive,quick,no_recorded_gap,admissible,destructive,false,true,true,true
construction_operations.delete_points_wildcard_selection,state_mutation,destructive_model,destructive,quick,no_recorded_gap,admissible,destructive,false,true,true,true
construction_operations.extract_sphere_centers_from_point_cloud,state_mutation,model_mutation,,quick,no_recorded_gap,admissible,,false,true,true,true
construction_operations.get_active_collection_name,read_only,pure_read,,quick,no_recorded_gap,admissible,,true,true,true,true
construction_operations.get_collection_instrument_ref_list_variable,read_only,pure_read,,quick,no_recorded_gap,admissible,,true,true,true,true
construction_operations.get_gradient_at_projected_point_on_surface,read_only,pure_read,,quick,no_recorded_gap,admissible,,true,true,true,true
construction_operations.get_gradient_at_projected_point_on_surface_edge,read_only,pure_read,,quick,no_recorded_gap,admissible,,true,true,true,true
construction_operations.get_hidden_point_rod_index_by_name,read_only,pure_read,,quick,no_recorded_gap,admissible,,true,true,true,true
construction_operations.get_ith_callout_position_in_callout_view,read_only,pure_read,,quick,no_recorded_gap,admissible,,true,true,true,true
construction_operations.get_number_of_callouts_in_callout_view,read_only,pure_read,,quick,no_recorded_gap,admissible,,true,true,true,true
construction_operations.get_working_transform_of_object_fixed_xyz,read_only,pure_read,,quick,no_recorded_gap,admissible,,true,true,true,true
construction_operations.invert_transform,state_mutation,model_mutation,,quick,no_recorded_gap,admissible,,false,true,true,true
construction_operations.make_callout_view_ref_list_wildcard_selection,read_only,pure_read,,quick,no_recorded_gap,admissible,,true,true,true,true
construction_operations.make_collection_instrument_id_runtime_select,read_only,interactive_ui,interactive_ui,interactive,no_recorded_gap,admissible,,false,false,false,false
construction_operations.make_collection_instrument_ref_list_runtime_select,read_only,interactive_ui,interactive_ui,interactive,no_recorded_gap,admissible,,false,false,false,false
construction_operations.make_collection_item_name_ref_list_wildcard_selection,read_only,pure_read,,quick,no_recorded_gap,admissible,,true,true,true,true
construction_operations.make_collection_name_runtime_select,read_only,interactive_ui,interactive_ui,interactive,no_recorded_gap,admissible,,false,false,false,false
construction_operations.make_collection_object_name_ensure_unique,read_only,pure_read,,quick,no_recorded_gap,admissible,,true,true,true,true
construction_operations.make_collection_object_name_ref_list_by_type,read_only,pure_read,,quick,no_recorded_gap,admissible,,true,true,true,true
construction_operations.make_collection_object_name_ref_list_by_type_and_color,read_only,pure_read,,quick,no_recorded_gap,admissible,,true,true,true,true
construction_operations.make_collection_object_name_ref_list_from_all_groups_in_collection,read_only,pure_read,,quick,no_recorded_gap,admissible,,true,true,true,true
construction_operations.make_collection_object_name_ref_list_runtime_select,read_only,interactive_ui,interactive_ui,interactive,no_recorded_gap,admissible,,false,false,false,false
construction_operations.make_collection_object_name_ref_list_wildcard_selection,read_only,pure_read,,quick,no_recorded_gap,admissible,,true,true,true,true
construction_operations.make_collection_object_name_runtime_select,read_only,interactive_ui,interactive_ui,interactive,no_recorded_gap,admissible,,false,false,false,false
construction_operations.make_collection_vector_group_name_ref_list_runtime_select,read_only,interactive_ui,interactive_ui,interactive,no_recorded_gap,admissible,,false,false,false,false
construction_operations.make_event_ref_list_wildcard_selection,read_only,pure_read,,quick,no_recorded_gap,admissible,,true,true,true,true
construction_operations.make_picture_name_ref_list_runtime_select,read_only,interactive_ui,interactive_ui,interactive,no_recorded_gap,admissible,,false,false,false,false
construction_operations.make_point_name_ensure_unique,read_only,pure_read,,quick,no_recorded_gap,admissible,,true,true,true,true
construction_operations.make_point_name_ref_list_from_group,read_only,pure_read,,quick,no_recorded_gap,admissible,,true,true,true,true
construction_operations.make_point_name_ref_list_runtime_select,read_only,interactive_ui,interactive_ui,interactive,no_recorded_gap,admissible,,false,false,false,false
construction_operations.make_point_name_ref_list_wildcard_select,read_only,pure_read,,quick,no_recorded_gap,admissible,,true,true,true,true
construction_operations.make_point_name_runtime_select,read_only,interactive_ui,interactive_ui,interactive,no_recorded_gap,admissible,,false,false,false,false
construction_operations.make_relationship_ref_list_runtime_select,read_only,interactive_ui,interactive_ui,interactive,no_recorded_gap,admissible,,false,false,false,false
construction_operations.make_relationship_ref_list_wildcard_selection,read_only,pure_read,,quick,no_recorded_gap,admissible,,true,true,true,true
construction_operations.make_report_ref_list_from_collection,read_only,pure_read,,quick,no_recorded_gap,admissible,,true,true,true,true
construction_operations.make_report_ref_list_runtime_select,read_only,interactive_ui,interactive_ui,interactive,no_recorded_gap,admissible,,false,false,false,false
construction_operations.make_system_string,read_only,pure_read,,quick,no_recorded_gap,admissible,,true,true,true,true
construction_operations.make_transform_from_doubles_euler_parameters,read_only,pure_read,,quick,no_recorded_gap,admissible,,true,true,true,true
construction_operations.make_transform_from_doubles_fixed_xyz,read_only,pure_read,,quick,no_recorded_gap,admissible,,true,true,true,true
construction_operations.make_vector_name_ref_list_from_vector_group,read_only,pure_read,,quick,no_recorded_gap,admissible,,true,true,true,true
construction_operations.make_vector_name_ref_list_runtime_select,read_only,interactive_ui,interactive_ui,interactive,no_recorded_gap,admissible,,false,false,false,false
construction_operations.make_vector_names_unique_in_vector_group,state_mutation,model_mutation,,quick,no_recorded_gap,admissible,,false,true,true,true
construction_operations.mirror_objects,state_mutation,model_mutation,,quick,no_recorded_gap,admissible,,false,true,true,true
construction_operations.move_objects_point_to_point_delta,state_mutation,model_mutation,,quick,no_recorded_gap,admissible,,false,true,true,true
construction_operations.move_objects_to_a_collection,state_mutation,model_mutation,,quick,no_recorded_gap,admissible,,false,true,true,true
construction_operations.rename_callout_view,state_mutation,model_mutation,,quick,no_recorded_gap,admissible,,false,true,true,true
construction_operations.rename_collection,state_mutation,model_mutation,,quick,no_recorded_gap,admissible,,false,true,true,true
construction_operations.rename_item,state_mutation,model_mutation,,quick,no_recorded_gap,admissible,,false,true,true,true
construction_operations.rename_object,state_mutation,model_mutation,,quick,no_recorded_gap,admissible,,false,true,true,true
construction_operations.rename_point,state_mutation,model_mutation,,quick,no_recorded_gap,admissible,,false,true,true,true
construction_operations.rename_points_with_name_pattern,state_mutation,model_mutation,,quick,no_recorded_gap,admissible,,false,true,true,true
construction_operations.set_callout_view_properties,state_mutation,model_mutation,,quick,no_recorded_gap,admissible,,false,true,true,true
construction_operations.set_collection_instrument_ref_list_variable,state_mutation,model_mutation,,quick,no_recorded_gap,admissible,,false,true,true,true
construction_operations.set_default_callout_view_properties,state_mutation,model_mutation,,quick,no_recorded_gap,admissible,,false,true,true,true
construction_operations.set_ith_callout_position_in_callout_view,state_mutation,model_mutation,,quick,no_recorded_gap,admissible,,false,true,true,true
construction_operations.set_or_construct_default_collection,state_mutation,model_mutation,,quick,no_recorded_gap,admissible,,false,true,true,true
construction_operations.set_point_position_in_working_coordinates,state_mutation,model_mutation,,quick,no_recorded_gap,admissible,,false,true,true,true
construction_operations.shift_plane,state_mutation,model_mutation,,quick,no_recorded_gap,admissible,,false,true,true,true
construction_operations.transform_points_by_delta_about_working_frame,state_mutation,model_mutation,,quick,no_recorded_gap,admissible,,false,true,true,true
dimension_operations.delete_dimension,state_mutation,destructive_model,destructive,quick,no_recorded_gap,admissible,,false,true,true,true
dimension_operations.get_dimension_value,read_only,pure_read,,quick,no_recorded_gap,admissible,,true,true,true,true
dimension_operations.set_dimension_tolerance,state_mutation,model_mutation,,quick,no_recorded_gap,admissible,,false,true,true,true
event_operations.delete_event,state_mutation,destructive_model,destructive,quick,no_recorded_gap,admissible,,false,true,true,true
event_operations.export_event_ref_list,state_mutation,file_io,filesystem_write,quick,no_recorded_gap,admissible,,false,true,true,true
event_operations.get_ith_event_from_event_ref_list,read_only,pure_read,,quick,no_recorded_gap,admissible,,true,true,true,true
event_operations.get_number_of_events_in_event_ref_list,read_only,pure_read,,quick,no_recorded_gap,admissible,,true,true,true,true
event_operations.rename_event,state_mutation,model_mutation,,quick,no_recorded_gap,admissible,,false,true,true,true
file_operations.backup_now,state_mutation,file_io,filesystem_write,long_running,no_recorded_gap,admissible,,false,true,true,true
file_operations.copy_general_file,state_mutation,file_io,filesystem_read;filesystem_write,quick,no_recorded_gap,admissible,,false,true,true,true
file_operations.delete_general_file,state_mutation,file_io,destructive;filesystem_delete,quick,no_recorded_gap,admissible,,false,false,false,true
file_operations.direct_cad_access,state_mutation,file_io,filesystem_read,quick,fixture_pending,admissible,fixture_validation_pending,false,true,true,true
file_operations.export_ascii_frame_set,state_mutation,file_io,filesystem_write,quick,no_recorded_gap,admissible,,false,true,true,true
file_operations.export_ascii_frames,state_mutation,file_io,filesystem_write,quick,no_recorded_gap,admissible,,false,true,true,true
file_operations.export_ascii_point_clouds,state_mutation,file_io,filesystem_write,quick,fixture_pending,admissible,fixture_validation_pending,false,true,true,true
file_operations.export_ascii_point_set,state_mutation,file_io,filesystem_write,quick,no_recorded_gap,admissible,,false,true,true,true
file_operations.export_ascii_points,state_mutation,file_io,filesystem_write,quick,no_recorded_gap,admissible,,false,true,true,true
file_operations.export_dxf,state_mutation,file_io,filesystem_write,quick,no_recorded_gap,admissible,,false,true,true,true
file_operations.export_embedded_file,state_mutation,file_io,filesystem_write,quick,no_recorded_gap,admissible,,false,true,true,true
file_operations.export_hidden_point_bar_xml_file,state_mutation,file_io,filesystem_write,quick,no_recorded_gap,admissible,,false,true,true,true
file_operations.export_iges_file_entire_model,state_mutation,file_io,filesystem_write,quick,no_recorded_gap,admissible,,false,true,true,true
file_operations.export_iges_file_partial_model,state_mutation,file_io,filesystem_write,quick,no_recorded_gap,admissible,,false,true,true,true
file_operations.export_ptx_point_clouds,state_mutation,file_io,filesystem_write,quick,fixture_pending,admissible,fixture_validation_pending,false,true,true,true
file_operations.export_qdas_characteristics,state_mutation,file_io,filesystem_write,quick,fixture_pending,admissible,fixture_validation_pending,false,true,true,true
file_operations.export_qdas_data_list,state_mutation,file_io,filesystem_write,quick,fixture_pending,admissible,fixture_validation_pending,false,true,true,true
file_operations.export_scan_stripe_mesh_to_stl_file,state_mutation,file_io,filesystem_write,quick,fixture_pending,admissible,fixture_validation_pending,false,true,true,true
file_operations.export_step_file_entire_model,state_mutation,file_io,filesystem_write,quick,no_recorded_gap,admissible,,false,true,true,true
file_operations.export_step_file_partial_model,state_mutation,file_io,filesystem_write,quick,no_recorded_gap,admissible,,false,true,true,true
file_operations.export_vda_fs_file_entire_model,state_mutation,file_io,filesystem_write,quick,no_recorded_gap,admissible,,false,true,true,true
file_operations.export_vda_fs_file_partial_model,state_mutation,file_io,filesystem_write,quick,no_recorded_gap,admissible,,false,true,true,true
file_operations.export_vector_container_to_ascii_file,state_mutation,file_io,filesystem_write,quick,no_recorded_gap,admissible,,false,true,true,true
file_operations.find_files_in_directory,state_mutation,file_io,filesystem_metadata,quick,no_recorded_gap,admissible,,false,true,true,true
file_operations.find_sub_directories_in_directory,state_mutation,file_io,filesystem_metadata,quick,no_recorded_gap,admissible,,false,true,true,true
file_operations.get_boolean_from_data_share_file,read_only,file_io,filesystem_read,quick,no_recorded_gap,admissible,,false,true,true,true
file_operations.get_double_from_data_share_file,read_only,file_io,filesystem_read,quick,no_recorded_gap,admissible,,false,true,true,true
file_operations.get_integer_from_data_share_file,read_only,file_io,filesystem_read,quick,no_recorded_gap,admissible,,false,true,true,true
file_operations.get_qdas_catalog_entries,read_only,file_io,filesystem_read,quick,fixture_pending,admissible,fixture_validation_pending,false,true,true,true
file_operations.get_string_from_data_share_file,read_only,file_io,filesystem_read,quick,no_recorded_gap,admissible,,false,true,true,true
file_operations.get_transform_from_data_share_file,read_only,file_io,filesystem_read,quick,no_recorded_gap,admissible,,false,true,true,true
file_operations.get_vector_from_data_share_file,read_only,file_io,filesystem_read,quick,no_recorded_gap,admissible,,false,true,true,true
file_operations.get_working_directory,read_only,file_io,filesystem_metadata,quick,no_recorded_gap,admissible,filesystem_metadata,true,true,true,true
file_operations.import_ascii_predefined_formats,state_mutation,file_io,filesystem_read,quick,no_recorded_gap,admissible,,false,true,true,true
file_operations.import_ascii_predefined_frame_set_formats,state_mutation,file_io,filesystem_read,quick,no_recorded_gap,admissible,,false,true,true,true
file_operations.import_e57_file,state_mutation,file_io,filesystem_read,long_running,fixture_pending,admissible,fixture_validation_pending,false,true,true,true
file_operations.import_file_as_embedded_file,state_mutation,file_io,filesystem_read,quick,no_recorded_gap,admissible,,false,true,true,true
file_operations.import_file_as_picture,state_mutation,file_io,filesystem_read,quick,no_recorded_gap,admissible,,false,true,true,true
file_operations.import_hidden_point_bar_xml_file,state_mutation,file_io,filesystem_read,quick,no_recorded_gap,admissible,,false,true,true,true
file_operations.import_iges_file,state_mutation,file_io,filesystem_read,quick,no_recorded_gap,admissible,,false,true,true,true
file_operations.import_leica_gsi_file,state_mutation,file_io,filesystem_read,quick,fixture_pending,admissible,fixture_validation_pending,false,true,true,true
file_operations.import_leica_sdb_file,state_mutation,file_io,filesystem_read,quick,fixture_pending,admissible,fixture_validation_pending,false,true,true,true
file_operations.import_mp_file_as_embedded_mp,state_mutation,file_io,filesystem_read,quick,no_recorded_gap,admissible,,false,true,true,true
file_operations.import_nominals_from_xml_file,state_mutation,file_io,filesystem_read,quick,no_recorded_gap,admissible,,false,true,true,true
file_operations.import_polyworks_file,state_mutation,file_io,filesystem_read,long_running,fixture_pending,admissible,fixture_validation_pending,false,true,true,true
file_operations.import_qdas_catalog_file,state_mutation,file_io,filesystem_read,quick,fixture_pending,admissible,fixture_validation_pending,false,true,true,true
file_operations.import_sa_file,state_mutation,file_io,filesystem_read,quick,no_recorded_gap,admissible,,false,true,true,true
file_operations.import_sa_windows_placement,state_mutation,file_io,filesystem_read,quick,no_recorded_gap,admissible,,false,true,true,true
file_operations.import_sat_file,state_mutation,file_io,filesystem_read,quick,no_recorded_gap,admissible,,false,true,true,true
file_operations.import_step_file,state_mutation,file_io,filesystem_read,quick,no_recorded_gap,admissible,,false,true,true,true
file_operations.import_stl_file,state_mutation,file_io,filesystem_read,quick,no_recorded_gap,admissible,,false,true,true,true
file_operations.import_vda_fs_file,state_mutation,file_io,filesystem_read,quick,no_recorded_gap,admissible,,false,true,true,true
file_operations.import_vstars_cameras,state_mutation,file_io,filesystem_read,quick,fixture_pending,admissible,fixture_validation_pending,false,true,true,true
file_operations.import_vstars_xyz_file,state_mutation,file_io,filesystem_read,quick,fixture_pending,admissible,fixture_validation_pending,false,true,true,true
file_operations.load_html_form,state_mutation,interactive_ui,filesystem_read;filesystem_write;interactive_ui,interactive,no_recorded_gap,admissible,,false,false,false,false
file_operations.load_html_form_in_edge_browser,state_mutation,interactive_ui,filesystem_read;filesystem_write;interactive_ui,interactive,no_recorded_gap,admissible,,false,false,false,false
file_operations.make_embedded_file_name_list,state_mutation,file_io,,quick,no_recorded_gap,admissible,,false,true,true,true
file_operations.merge_measurements_into_xml_file,state_mutation,file_io,filesystem_read;filesystem_write,quick,no_recorded_gap,admissible,,false,true,true,true
file_operations.new_sa_file,state_mutation,file_io,destructive,quick,no_recorded_gap,admissible,,false,true,true,true
file_operations.open_sa_file,state_mutation,file_io,destructive;filesystem_read,long_running,no_recorded_gap,admissible,,false,true,true,true
file_operations.open_template_file,state_mutation,file_io,destructive;filesystem_read,quick,no_recorded_gap,admissible,,false,true,true,true
file_operations.pop_poly_bay_analysis_window,state_mutation,interactive_ui,filesystem_read;interactive_ui,interactive,fixture_pending,admissible,fixture_validation_pending,false,false,false,false
file_operations.prepare_qdas_data_list,state_mutation,file_io,filesystem_write,quick,fixture_pending,admissible,fixture_validation_pending,false,true,true,true
file_operations.rename_general_file,state_mutation,file_io,filesystem_write,quick,no_recorded_gap,admissible,,false,true,true,true
file_operations.save,state_mutation,file_io,filesystem_write,long_running,no_recorded_gap,admissible,,false,true,true,true
file_operations.save_as,state_mutation,file_io,filesystem_write,long_running,no_recorded_gap,admissible,,false,true,true,true
file_operations.save_as_read_only_template,state_mutation,file_io,filesystem_write,quick,no_recorded_gap,admissible,,false,true,true,true
file_operations.set_boolean_in_data_share_file,state_mutation,file_io,filesystem_write,quick,no_recorded_gap,admissible,,false,true,true,true
file_operations.set_double_in_data_share_file,state_mutation,file_io,filesystem_write,quick,no_recorded_gap,admissible,,false,true,true,true
file_operations.set_integer_in_data_share_file,state_mutation,file_io,filesystem_write,quick,no_recorded_gap,admissible,,false,true,true,true
file_operations.set_string_in_data_share_file,state_mutation,file_io,filesystem_write,quick,no_recorded_gap,admissible,,false,true,true,true
file_operations.set_transform_in_data_share_file,state_mutation,file_io,filesystem_write,quick,no_recorded_gap,admissible,,false,true,true,true
file_operations.set_vector_in_data_share_file,state_mutation,file_io,filesystem_write,quick,no_recorded_gap,admissible,,false,true,true,true
file_operations.terminate_all_running_mps,state_mutation,code_execution,code_execution;destructive,quick,no_recorded_gap,admissible,,false,false,false,true
file_operations.use_nrkxml_library,state_mutation,file_io,filesystem_read,quick,no_recorded_gap,admissible,,false,true,true,true
file_operations.verify_general_file_exists,read_only,file_io,filesystem_metadata,quick,no_recorded_gap,admissible,,true,true,true,true
file_operations.verify_mp_file_exists,read_only,file_io,filesystem_metadata,quick,no_recorded_gap,admissible,,true,true,true,true
gdt_operations.datum_alignment,state_mutation,model_mutation,,quick,no_recorded_gap,admissible,,false,true,true,true
gdt_operations.delete_feature_checks,state_mutation,destructive_model,destructive,quick,no_recorded_gap,admissible,destructive,false,true,true,true
gdt_operations.enable_disable_datum_alignment_for_feature_check,state_mutation,model_mutation,,quick,no_recorded_gap,admissible,,false,true,true,true
gdt_operations.evaluate_feature_check,state_mutation,model_mutation,,quick,no_recorded_gap,admissible,,false,true,true,true
gdt_operations.evaluate_feature_checks,state_mutation,model_mutation,,quick,no_recorded_gap,admissible,,false,true,true,true
gdt_operations.feature_inspection_auto_filter,state_mutation,model_mutation,,quick,no_recorded_gap,admissible,,false,true,true,true
gdt_operations.generate_feature_check_summary,state_mutation,model_mutation,,quick,no_recorded_gap,admissible,,false,true,true,true
gdt_operations.get_datum_measurements,read_only,pure_read,,quick,no_recorded_gap,admissible,,true,true,true,true
gdt_operations.get_feature_check_cylinder_eval_options,read_only,pure_read,,quick,no_recorded_gap,admissible,,true,true,true,true
gdt_operations.get_feature_check_datum_references,read_only,pure_read,,quick,no_recorded_gap,admissible,,true,true,true,true
gdt_operations.get_feature_check_measurements,read_only,pure_read,,quick,no_recorded_gap,admissible,,true,true,true,true
gdt_operations.get_feature_check_reporting_frame,read_only,pure_read,,quick,no_recorded_gap,admissible,,true,true,true,true
gdt_operations.get_feature_check_reporting_options,read_only,pure_read,,quick,no_recorded_gap,admissible,,true,true,true,true
gdt_operations.get_gdt_extended_options,read_only,pure_read,,quick,no_recorded_gap,admissible,,true,true,true,true
gdt_operations.get_gdt_options,read_only,pure_read,,quick,no_recorded_gap,admissible,,true,true,true,true
gdt_operations.make_annotation_ref_list_from_collection,read_only,pure_read,,quick,no_recorded_gap,admissible,,true,true,true,true
gdt_operations.make_annotation_ref_list_wildcard_selection,read_only,pure_read,,quick,no_recorded_gap,admissible,,true,true,true,true
gdt_operations.make_datum_ref_list_from_collection,read_only,pure_read,,quick,no_recorded_gap,admissible,,true,true,true,true
gdt_operations.make_feature_check_ref_list_from_collection,read_only,pure_read,,quick,no_recorded_gap,admissible,,true,true,true,true
gdt_operations.make_feature_check_reference_list_wildcard_selection,read_only,pure_read,,quick,no_recorded_gap,admissible,,true,true,true,true
gdt_operations.make_feature_checks,state_mutation,model_mutation,,quick,no_recorded_gap,admissible,,false,true,true,true
gdt_operations.make_gdt_datum_annotation,state_mutation,model_mutation,,quick,no_recorded_gap,admissible,,false,true,true,true
gdt_operations.make_gdt_feature_check_annotation,state_mutation,model_mutation,,quick,no_recorded_gap,admissible,,false,true,true,true
gdt_operations.make_surface_face_list_from_surface,read_only,pure_read,,quick,no_recorded_gap,admissible,,true,true,true,true
gdt_operations.make_surface_face_list_runtime_select,read_only,interactive_ui,interactive_ui,interactive,no_recorded_gap,admissible,,false,false,false,false
gdt_operations.refresh_datums_feature_checks_from_annotations,state_mutation,model_mutation,,quick,no_recorded_gap,admissible,,false,true,true,true
gdt_operations.set_datum_measurements,state_mutation,model_mutation,,quick,no_recorded_gap,admissible,,false,true,true,true
gdt_operations.set_feature_check_cylinder_eval_options,state_mutation,model_mutation,,quick,no_recorded_gap,admissible,,false,true,true,true
gdt_operations.set_feature_check_measurements,state_mutation,model_mutation,,quick,no_recorded_gap,admissible,,false,true,true,true
gdt_operations.set_feature_check_reporting_frame,state_mutation,model_mutation,,quick,no_recorded_gap,admissible,,false,true,true,true
gdt_operations.set_feature_check_reporting_options,state_mutation,model_mutation,,quick,no_recorded_gap,admissible,,false,true,true,true
gdt_operations.set_gdt_extended_options,state_mutation,model_mutation,,quick,no_recorded_gap,admissible,,false,true,true,true
gdt_operations.set_gdt_options,state_mutation,model_mutation,,quick,no_recorded_gap,admissible,,false,true,true,true
gdt_operations.set_global_force_simultaneous_evaluation,state_mutation,model_mutation,,quick,no_recorded_gap,admissible,,false,true,true,true
gdt_operations.start_stop_feature_check_trapping,state_mutation,session_lifecycle,device_session,long_running,no_recorded_gap,exclusive_workflow,,false,false,false,false
instrument_operations.activate_deactivate_instrument_toolbar,state_mutation,device_action,device_session,long_running,no_recorded_gap,admissible,,false,false,true,true
instrument_operations.add_new_instrument,state_mutation,model_mutation,,quick,no_recorded_gap,admissible,,false,true,true,true
instrument_operations.add_nominal_point_to_tcp_fixture,state_mutation,model_mutation,,quick,no_recorded_gap,admissible,,false,true,true,true
instrument_operations.align_cloud_to_cad,state_mutation,model_mutation,,quick,no_recorded_gap,admissible,,false,true,true,true
instrument_operations.align_laser_projector,state_mutation,device_action,device_session;physical_motion,long_running,no_recorded_gap,admissible,,false,false,true,true
instrument_operations.align_two_targets_with_axis_wcf_x,state_mutation,device_action,device_session,long_running,no_recorded_gap,admissible,,false,false,true,true
instrument_operations.associate_objects_with_instrument,state_mutation,model_mutation,,quick,no_recorded_gap,admissible,,false,true,true,true
instrument_operations.auto_correspond_closest_point,state_mutation,session_lifecycle,device_session,long_running,no_recorded_gap,exclusive_workflow,,false,false,false,false
instrument_operations.auto_correspond_with_proximity_trigger,state_mutation,session_lifecycle,device_session,long_running,no_recorded_gap,exclusive_workflow,,false,false,false,false
instrument_operations.auto_measure_batch_of_features,state_mutation,device_action,device_session;physical_motion,long_running,no_recorded_gap,admissible,,false,false,true,true
instrument_operations.auto_measure_points,state_mutation,device_action,device_session;physical_motion,long_running,no_recorded_gap,admissible,,false,false,true,true
instrument_operations.auto_measure_specified_geometry,state_mutation,device_action,device_session;physical_motion,long_running,no_recorded_gap,admissible,,false,false,true,true
instrument_operations.auto_measure_surface_vector_intersections,state_mutation,device_action,device_session;physical_motion,long_running,no_recorded_gap,admissible,,false,false,true,true
instrument_operations.auto_measure_vectors,state_mutation,device_action,device_session;physical_motion,long_running,no_recorded_gap,admissible,,false,false,true,true
instrument_operations.build_target,state_mutation,model_mutation,filesystem_read,quick,no_recorded_gap,admissible,,false,true,true,true
instrument_operations.calculate_tcp_fixture_uncertainties,read_only,pure_read,,quick,no_recorded_gap,admissible,,true,true,true,true
instrument_operations.clear_cloud_viewer,state_mutation,device_action,destructive;device_session,long_running,no_recorded_gap,admissible,,false,false,true,true
instrument_operations.close_auto_correspond_closest_point_dialog,state_mutation,session_lifecycle,device_session,long_running,no_recorded_gap,exclusive_workflow,,false,false,false,false
instrument_operations.collimation,state_mutation,device_action,device_session,long_running,no_recorded_gap,admissible,,false,false,true,true
instrument_operations.combine_point_groups,state_mutation,model_mutation,,quick,no_recorded_gap,admissible,,false,true,true,true
instrument_operations.compute_cte_scale_factor,state_mutation,model_mutation,,quick,no_recorded_gap,admissible,,false,true,true,true
instrument_operations.configure_and_measure,state_mutation,device_action,device_session,long_running,no_recorded_gap,admissible,,false,false,true,true
instrument_operations.construct_measured_point_uncertainty_ellipsoids,state_mutation,model_mutation,,quick,no_recorded_gap,admissible,,false,true,true,true
instrument_operations.construct_mirror_from_plane,state_mutation,model_mutation,,quick,no_recorded_gap,admissible,,false,true,true,true
instrument_operations.construct_mirror_from_two_points,state_mutation,model_mutation,,quick,no_recorded_gap,admissible,,false,true,true,true
instrument_operations.construct_perimeters_from_surface_face_list,state_mutation,model_mutation,,quick,no_recorded_gap,admissible,,false,true,true,true
instrument_operations.construct_tcp_fixture,state_mutation,model_mutation,,quick,no_recorded_gap,admissible,,false,true,true,true
instrument_operations.create_new_dynamic_reference,state_mutation,model_mutation,,quick,no_recorded_gap,admissible,,false,true,true,true
instrument_operations.create_templated_instrument_usmn,state_mutation,model_mutation,,quick,no_recorded_gap,admissible,,false,true,true,true
instrument_operations.delete_instrument,state_mutation,destructive_model,destructive,quick,no_recorded_gap,admissible,destructive,false,true,true,true
instrument_operations.delete_measurement_observation,state_mutation,destructive_model,destructive,quick,no_recorded_gap,admissible,destructive,false,true,true,true
instrument_operations.delete_measurements,state_mutation,destructive_model,destructive,quick,no_recorded_gap,admissible,destructive,false,true,true,true
instrument_operations.disassociate_objects_from_instrument,state_mutation,model_mutation,,quick,no_recorded_gap,admissible,,false,true,true,true
instrument_operations.dissect_point_group,state_mutation,model_mutation,,quick,no_recorded_gap,admissible,,false,true,true,true
instrument_operations.dock_instrument_interface,state_mutation,device_action,device_session,long_running,no_recorded_gap,admissible,,false,false,true,true
instrument_operations.drift_check,state_mutation,device_action,device_session,long_running,no_recorded_gap,admissible,,false,false,true,true
instrument_operations.edge_scan_measurement,state_mutation,device_action,device_session,long_running,no_recorded_gap,admissible,,false,false,true,true
instrument_operations.edit_scan_perimeter_profile,state_mutation,device_config,device_config,quick,no_recorded_gap,admissible,,false,false,true,true
instrument_operations.enable_disable_frame_set_scan_mode_all_instruments,state_mutation,session_lifecycle,device_session,long_running,no_recorded_gap,exclusive_workflow,,false,false,false,false
instrument_operations.enable_disable_frame_set_scan_mode_by_instrument,state_mutation,session_lifecycle,device_session,long_running,no_recorded_gap,exclusive_workflow,,false,false,false,false
instrument_operations.enable_disable_point_set_scan_mode,state_mutation,session_lifecycle,device_session,long_running,no_recorded_gap,exclusive_workflow,,false,false,false,false
instrument_operations.export_instrument_history_to_xml_file,state_mutation,file_io,filesystem_write,quick,no_recorded_gap,admissible,,false,true,true,true
instrument_operations.fabricate_observations,state_mutation,model_mutation,,quick,no_recorded_gap,admissible,,false,true,true,true
instrument_operations.get_current_instrument_position_update,read_only,device_action,device_session,long_running,no_recorded_gap,admissible,,false,false,true,true
instrument_operations.get_current_trapping_status,read_only,device_action,device_session,long_running,no_recorded_gap,admissible,,false,false,true,true
instrument_operations.get_estimated_scan_time,read_only,device_action,device_session,long_running,no_recorded_gap,admissible,,false,false,true,true
instrument_operations.get_inspection_verification_mode,read_only,device_config,device_config,quick,no_recorded_gap,admissible,,false,false,true,true
instrument_operations.get_instrument_base_uncertainty_covariance_matrix_wrt_world,read_only,pure_read,,quick,no_recorded_gap,admissible,,true,true,true,true
instrument_operations.get_instrument_group_and_target,read_only,device_config,device_config,quick,no_recorded_gap,admissible,,false,false,true,true
instrument_operations.get_instrument_id_from_name,read_only,pure_read,,quick,no_recorded_gap,admissible,,true,true,true,true
instrument_operations.get_instrument_interface_response_timeout,read_only,device_config,device_config,quick,no_recorded_gap,admissible,,false,false,true,true
instrument_operations.get_instrument_measurement_mode_profile,read_only,device_config,device_config,quick,no_recorded_gap,admissible,,false,false,true,true
instrument_operations.get_instrument_model,read_only,pure_read,,quick,no_recorded_gap,admissible,,true,true,true,true
instrument_operations.get_instrument_part_temperature,read_only,device_action,device_session,long_running,no_recorded_gap,admissible,,false,false,true,true
instrument_operations.get_instrument_scale_factor,read_only,pure_read,,quick,no_recorded_gap,admissible,,true,true,true,true
instrument_operations.get_instrument_target_status,read_only,device_action,device_session,long_running,no_recorded_gap,admissible,,false,false,true,true
instrument_operations.get_instrument_targeting,read_only,device_config,device_config,quick,no_recorded_gap,admissible,,false,false,true,true
instrument_operations.get_instrument_targets_and_mode_profiles,read_only,device_config,device_config,quick,no_recorded_gap,admissible,,false,false,true,true
instrument_operations.get_instrument_transform,read_only,pure_read,,quick,no_recorded_gap,admissible,,true,true,true,true
instrument_operations.get_instrument_weather_setting,read_only,device_config,device_config,quick,no_recorded_gap,admissible,,false,false,true,true
instrument_operations.get_instruments_with_observations_on_target,read_only,pure_read,,quick,no_recorded_gap,admissible,,true,true,true,true
instrument_operations.get_last_instrument_index,read_only,pure_read,,quick,no_recorded_gap,admissible,,true,true,true,true
instrument_operations.get_last_solved_tcp_fixture_uncertainty_covariance_matrix,read_only,pure_read,,quick,no_recorded_gap,admissible,,true,true,true,true
instrument_operations.get_number_of_observations_on_target,read_only,pure_read,,quick,no_recorded_gap,admissible,,true,true,true,true
instrument_operations.get_obscured_points_from_instrument,read_only,pure_read,,quick,no_recorded_gap,admissible,,true,true,true,true
instrument_operations.get_observation_info,read_only,pure_read,,quick,no_recorded_gap,admissible,,true,true,true,true
instrument_operations.get_pcmm_instrument_xyz_uncertainties,read_only,pure_read,,quick,no_recorded_gap,admissible,,true,true,true,true
instrument_operations.get_targets_measured_by_instrument,read_only,pure_read,,quick,no_recorded_gap,admissible,,true,true,true,true
instrument_operations.get_tracker_edm_theodolite_uncertainties,read_only,pure_read,,quick,no_recorded_gap,admissible,,true,true,true,true
instrument_operations.get_wrtl_channel_and_status,read_only,device_action,device_session,long_running,no_recorded_gap,admissible,,false,false,true,true
instrument_operations.get_xyz_instrument_uncertainties,read_only,pure_read,,quick,no_recorded_gap,admissible,,true,true,true,true
instrument_operations.guide_objects_in_6d_based_on_point_measurements,state_mutation,session_lifecycle,device_session,long_running,no_recorded_gap,exclusive_workflow,,false,false,false,false
instrument_operations.initiate_servo_guide,state_mutation,session_lifecycle,device_session;physical_motion,long_running,no_recorded_gap,exclusive_workflow,,false,false,false,false
instrument_operations.instrument_operational_check,state_mutation,device_action,device_session,long_running,no_recorded_gap,admissible,,false,false,true,true
instrument_operations.issue_instrument_actuator_command,state_mutation,device_action,device_session;physical_motion,long_running,no_recorded_gap,admissible,,false,false,true,true
instrument_operations.jump_instrument_to_new_location,state_mutation,device_action,device_session;physical_motion,long_running,no_recorded_gap,admissible,,false,false,true,true
instrument_operations.load_cloud_viewer_point_cloud_file,state_mutation,device_action,device_session;filesystem_read,long_running,no_recorded_gap,admissible,,false,false,true,true
instrument_operations.load_instrument_configuration,state_mutation,device_config,device_config;filesystem_read,quick,no_recorded_gap,admissible,,false,false,true,true
instrument_operations.locate_instrument_best_fit_group_to_group,state_mutation,model_mutation,filesystem_write,quick,no_recorded_gap,admissible,,false,true,true,true
instrument_operations.locate_instrument_best_fit_nominal_geometry,state_mutation,model_mutation,filesystem_write,quick,no_recorded_gap,admissible,,false,true,true,true
instrument_operations.locate_instrument_group_to_surface_quick_fit,state_mutation,model_mutation,,quick,no_recorded_gap,admissible,,false,true,true,true
instrument_operations.locate_instrument_ref_tie_in,state_mutation,model_mutation,,quick,no_recorded_gap,admissible,,false,true,true,true
instrument_operations.locate_instruments_usmn,state_mutation,model_mutation,,quick,no_recorded_gap,admissible,,false,true,true,true
instrument_operations.lr_apdis_activate_mcm_calibration,state_mutation,device_action,device_session,long_running,no_recorded_gap,admissible,,false,false,true,true
instrument_operations.lr_apdis_get_active_mcm_calibration,state_mutation,device_action,device_session,long_running,no_recorded_gap,admissible,,false,false,true,true
instrument_operations.lr_apdis_perform_mcm_calibration,state_mutation,device_action,device_session,long_running,no_recorded_gap,admissible,,false,false,true,true
instrument_operations.lr_get_most_recent_snr_info,state_mutation,device_action,device_session,long_running,no_recorded_gap,admissible,,false,false,true,true
instrument_operations.lr_hardware_connect,state_mutation,session_lifecycle,device_session,long_running,no_recorded_gap,exclusive_workflow,,false,false,false,false
instrument_operations.lr_hardware_disconnect,state_mutation,session_lifecycle,device_session,long_running,no_recorded_gap,exclusive_workflow,,false,false,false,false
instrument_operations.lr_self_test,state_mutation,device_action,device_session,long_running,no_recorded_gap,admissible,,false,false,true,true
instrument_operations.lr_self_test_flip_test,state_mutation,device_action,device_session,long_running,no_recorded_gap,admissible,,false,false,true,true
instrument_operations.lr_self_test_linearization,state_mutation,device_action,device_session,long_running,no_recorded_gap,admissible,,false,false,true,true
instrument_operations.lr_self_test_lo_sep,state_mutation,device_action,device_session,long_running,no_recorded_gap,admissible,,false,false,true,true
instrument_operations.lr_set_red_laser_intensity,state_mutation,device_action,device_session,long_running,no_recorded_gap,admissible,,false,false,true,true
instrument_operations.lr_verify_hardware_connection,state_mutation,device_action,device_session,long_running,no_recorded_gap,admissible,,false,false,true,true
instrument_operations.make_collection_object_name_ref_list_from_objects_associated_with_instruments,read_only,pure_read,,quick,no_recorded_gap,admissible,,true,true,true,true
instrument_operations.make_surface_face_list_from_point_proximity,read_only,pure_read,,quick,no_recorded_gap,admissible,,true,true,true,true
instrument_operations.measure,state_mutation,device_action,device_session,long_running,no_recorded_gap,admissible,,false,false,true,true
instrument_operations.measure_existing_single_point,state_mutation,device_action,device_session;filesystem_read;physical_motion,long_running,no_recorded_gap,admissible,,false,false,true,true
instrument_operations.measure_existing_single_point_and_compare,state_mutation,device_action,device_session;filesystem_read;physical_motion,long_running,no_recorded_gap,admissible,,false,false,true,true
instrument_operations.measure_existing_single_point_manual_guide,state_mutation,interactive_ui,device_session;filesystem_read;interactive_ui;physical_motion,interactive,no_recorded_gap,admissible,,false,false,false,false
instrument_operations.measure_nominal_feature,state_mutation,device_action,device_session,long_running,no_recorded_gap,admissible,,false,false,true,true
instrument_operations.measure_single_point_here,state_mutation,device_action,device_session;filesystem_read,long_running,no_recorded_gap,admissible,,false,false,true,true
instrument_operations.move_instrument_to_another_collection,state_mutation,model_mutation,,quick,no_recorded_gap,admissible,,false,true,true,true
instrument_operations.move_measurement_observation,state_mutation,model_mutation,,quick,no_recorded_gap,admissible,,false,true,true,true
instrument_operations.move_objects_in_6d_using_instrument_updates,state_mutation,session_lifecycle,device_session,long_running,no_recorded_gap,exclusive_workflow,,false,false,false,false
instrument_operations.multi_measurement_initiate,state_mutation,session_lifecycle,device_session,long_running,no_recorded_gap,exclusive_workflow,,false,false,false,false
instrument_operations.multi_measurement_stop,state_mutation,session_lifecycle,device_session,long_running,no_recorded_gap,exclusive_workflow,,false,false,false,false
instrument_operations.point_at_target,state_mutation,device_action,device_session;filesystem_read;physical_motion,long_running,no_recorded_gap,admissible,,false,false,true,true
instrument_operations.quick_align,state_mutation,device_action,device_session,long_running,no_recorded_gap,admissible,,false,false,true,true
instrument_operations.rename_instrument,state_mutation,model_mutation,,quick,no_recorded_gap,admissible,,false,true,true,true
instrument_operations.save_cloud_viewer_point_cloud_file,state_mutation,device_action,device_session;filesystem_write,long_running,no_recorded_gap,admissible,,false,false,true,true
instrument_operations.save_instrument_configuration,state_mutation,device_config,device_config;filesystem_write,quick,no_recorded_gap,admissible,,false,false,true,true
instrument_operations.scan_cad_faces,state_mutation,device_action,device_session;physical_motion,long_running,no_recorded_gap,admissible,,false,false,true,true
instrument_operations.scan_within_perimeter,state_mutation,device_action,device_session;physical_motion,long_running,no_recorded_gap,admissible,,false,false,true,true
instrument_operations.send_cloud_to_sa,state_mutation,device_action,device_session,long_running,no_recorded_gap,admissible,,false,false,true,true
instrument_operations.set_absolute_instrument_scale_factor,state_mutation,model_mutation,,quick,no_recorded_gap,admissible,,false,true,true,true
instrument_operations.set_alignment_projector,state_mutation,device_action,device_session,long_running,no_recorded_gap,admissible,,false,false,true,true
instrument_operations.set_cloud_viewer_filter,state_mutation,device_action,device_session,long_running,no_recorded_gap,admissible,,false,false,true,true
instrument_operations.set_inspection_verification_mode,state_mutation,device_config,device_config,quick,no_recorded_gap,admissible,,false,false,true,true
instrument_operations.set_instrument_axes,state_mutation,device_config,device_config,quick,no_recorded_gap,admissible,,false,false,true,true
instrument_operations.set_instrument_base_uncertainty_covariance_matrix_wrt_base,state_mutation,model_mutation,,quick,no_recorded_gap,admissible,,false,true,true,true
instrument_operations.set_instrument_base_uncertainty_covariance_matrix_wrt_world,state_mutation,model_mutation,,quick,no_recorded_gap,admissible,,false,true,true,true
instrument_operations.set_instrument_group_and_target,state_mutation,device_config,device_config,quick,no_recorded_gap,admissible,,false,false,true,true
instrument_operations.set_instrument_interface_response_timeout,state_mutation,device_config,device_config,quick,no_recorded_gap,admissible,,false,false,true,true
instrument_operations.set_instrument_measurement_mode_profile,state_mutation,device_config,device_config,quick,no_recorded_gap,admissible,,false,false,true,true
instrument_operations.set_instrument_targeting,state_mutation,device_config,device_config,quick,no_recorded_gap,admissible,,false,false,true,true
instrument_operations.set_instrument_transform,state_mutation,model_mutation,,quick,no_recorded_gap,admissible,,false,true,true,true
instrument_operations.set_instrument_weather_setting,state_mutation,device_config,device_config,quick,no_recorded_gap,admissible,,false,false,true,true
instrument_operations.set_ladar_auto_meas_point,state_mutation,device_config,device_config,quick,no_recorded_gap,admissible,,false,false,true,true
instrument_operations.set_ladar_auto_meas_sphere,state_mutation,device_config,device_config,quick,no_recorded_gap,admissible,,false,false,true,true
instrument_operations.set_ladar_feature_meas_circle,state_mutation,device_config,device_config,quick,no_recorded_gap,admissible,,false,false,true,true
instrument_operations.set_ladar_feature_meas_cylinder,state_mutation,device_config,device_config,quick,no_recorded_gap,admissible,,false,false,true,true
instrument_operations.set_ladar_feature_meas_slot,state_mutation,device_config,device_config,quick,no_recorded_gap,admissible,,false,false,true,true
instrument_operations.set_ladar_feature_meas_sphere,state_mutation,device_config,device_config,quick,no_recorded_gap,admissible,,false,false,true,true
instrument_operations.set_multiply_instrument_scale_factor,state_mutation,model_mutation,,quick,no_recorded_gap,admissible,,false,true,true,true
instrument_operations.set_observation_collimation_shot_options,state_mutation,model_mutation,,quick,no_recorded_gap,admissible,,false,true,true,true
instrument_operations.set_observation_mirror_cube_shot_face,state_mutation,model_mutation,,quick,no_recorded_gap,admissible,,false,true,true,true
instrument_operations.set_observation_status,state_mutation,model_mutation,,quick,no_recorded_gap,admissible,,false,true,true,true
instrument_operations.set_pcmm_instrument_xyz_uncertainties,state_mutation,model_mutation,,quick,no_recorded_gap,admissible,,false,true,true,true
instrument_operations.set_probe_offset_frame_offline,state_mutation,model_mutation,,quick,no_recorded_gap,admissible,,false,true,true,true
instrument_operations.set_probe_offset_frame_online,state_mutation,device_config,device_config,quick,no_recorded_gap,admissible,,false,false,true,true
instrument_operations.set_remeasure_failed_checks_only,state_mutation,device_config,device_config,quick,no_recorded_gap,admissible,,false,false,true,true
instrument_operations.set_target_computation_options,state_mutation,model_mutation,,quick,no_recorded_gap,admissible,,false,true,true,true
instrument_operations.set_tracker_edm_theodolite_uncertainties,state_mutation,model_mutation,,quick,no_recorded_gap,admissible,,false,true,true,true
instrument_operations.set_wrtl_channel,state_mutation,device_action,device_session,long_running,no_recorded_gap,admissible,,false,false,true,true
instrument_operations.set_xyz_instrument_uncertainties,state_mutation,model_mutation,,quick,no_recorded_gap,admissible,,false,true,true,true
instrument_operations.set_xyz_reference_frame_instrument_base_anchor_frame,state_mutation,model_mutation,,quick,no_recorded_gap,admissible,,false,true,true,true
instrument_operations.start_gdt_inspection,state_mutation,session_lifecycle,device_session,long_running,no_recorded_gap,exclusive_workflow,,false,false,false,false
instrument_operations.start_gdt_inspection_design,state_mutation,session_lifecycle,device_session,long_running,no_recorded_gap,exclusive_workflow,,false,false,false,false
instrument_operations.start_gdt_inspection_rehearse,state_mutation,session_lifecycle,device_session,long_running,no_recorded_gap,exclusive_workflow,,false,false,false,false
instrument_operations.start_instrument_interface,state_mutation,session_lifecycle,device_session,long_running,no_recorded_gap,exclusive_workflow,,false,false,false,false
instrument_operations.start_theodolite_interface,state_mutation,session_lifecycle,device_session,long_running,no_recorded_gap,exclusive_workflow,,false,false,false,false
instrument_operations.stop_active_measurement_mode,state_mutation,session_lifecycle,device_session,long_running,no_recorded_gap,exclusive_workflow,,false,false,false,false
instrument_operations.stop_instrument_interface,state_mutation,session_lifecycle,device_session,long_running,no_recorded_gap,exclusive_workflow,,false,false,false,false
instrument_operations.synchronized_measurement_master_slave,state_mutation,device_action,device_session,long_running,no_recorded_gap,admissible,,false,false,true,true
instrument_operations.track_tape_measurement,state_mutation,device_action,device_session,long_running,no_recorded_gap,admissible,,false,false,true,true
instrument_operations.transform_instrument_by_delta,state_mutation,model_mutation,,quick,no_recorded_gap,admissible,,false,true,true,true
instrument_operations.transform_instrument_frame_to_frame,state_mutation,model_mutation,,quick,no_recorded_gap,admissible,,false,true,true,true
instrument_operations.transform_multiple_instruments_by_delta,state_mutation,model_mutation,,quick,no_recorded_gap,admissible,,false,true,true,true
instrument_operations.verify_instrument_connection,state_mutation,device_action,device_session,long_running,no_recorded_gap,admissible,,false,false,true,true
instrument_operations.wait_for_trapping_to_complete,state_mutation,session_lifecycle,device_session,long_running,no_recorded_gap,exclusive_workflow,,false,false,false,false
instrument_operations.watch_closest_point,state_mutation,session_lifecycle,device_session,long_running,no_recorded_gap,exclusive_workflow,,false,false,false,false
instrument_operations.watch_instrument,state_mutation,session_lifecycle,device_session,long_running,no_recorded_gap,exclusive_workflow,,false,false,false,false
instrument_operations.watch_point_to_edge,state_mutation,session_lifecycle,device_session,long_running,no_recorded_gap,exclusive_workflow,,false,false,false,false
instrument_operations.watch_point_to_objects,state_mutation,session_lifecycle,device_session,long_running,no_recorded_gap,exclusive_workflow,,false,false,false,false
instrument_operations.watch_point_to_point,state_mutation,session_lifecycle,device_session,long_running,no_recorded_gap,exclusive_workflow,,false,false,false,false
instrument_operations.watch_point_to_point_with_view_zooming,state_mutation,session_lifecycle,device_session,long_running,no_recorded_gap,exclusive_workflow,,false,false,false,false
mp_subroutines.run_subroutine,state_mutation,code_execution,code_execution;filesystem_read,long_running,fixture_pending,admissible,fixture_validation_pending,false,false,false,true
mp_task_overview.add_task_overview_item,state_mutation,model_mutation,,quick,no_recorded_gap,admissible,,false,true,true,true
mp_task_overview.create_clear_task_overview_list,state_mutation,destructive_model,destructive,quick,no_recorded_gap,admissible,,false,true,true,true
mp_task_overview.set_current_task,state_mutation,model_mutation,,quick,no_recorded_gap,admissible,,false,true,true,true
mp_task_overview.set_overview_image,state_mutation,file_io,filesystem_read,quick,no_recorded_gap,admissible,,false,true,true,true
mp_task_overview.set_overview_title,state_mutation,model_mutation,,quick,no_recorded_gap,admissible,,false,true,true,true
mp_task_overview.set_task_item_comment,state_mutation,model_mutation,,quick,no_recorded_gap,admissible,,false,true,true,true
mp_task_overview.set_task_item_completion_values,state_mutation,model_mutation,,quick,no_recorded_gap,admissible,,false,true,true,true
mp_task_overview.set_task_item_name,state_mutation,model_mutation,,quick,no_recorded_gap,admissible,,false,true,true,true
mp_task_overview.show_progress_for_task_item,state_mutation,model_mutation,,quick,no_recorded_gap,admissible,,false,true,true,true
mp_task_overview.show_task_overview_list,state_mutation,model_mutation,,quick,no_recorded_gap,admissible,,false,true,true,true
process_flow_operations.ask_for_double,state_mutation,interactive_ui,interactive_ui,interactive,no_recorded_gap,admissible,,false,false,false,false
process_flow_operations.ask_for_integer,state_mutation,interactive_ui,interactive_ui,interactive,no_recorded_gap,admissible,,false,false,false,false
process_flow_operations.ask_for_point_name,state_mutation,interactive_ui,interactive_ui,interactive,no_recorded_gap,admissible,,false,false,false,false
process_flow_operations.ask_for_string,state_mutation,interactive_ui,interactive_ui,interactive,no_recorded_gap,admissible,,false,false,false,false
process_flow_operations.ask_for_string_pull_down_version,state_mutation,interactive_ui,interactive_ui,interactive,no_recorded_gap,admissible,,false,false,false,false
process_flow_operations.ask_for_user_decision_from_image,state_mutation,interactive_ui,filesystem_read;interactive_ui,interactive,no_recorded_gap,admissible,,false,false,false,false
process_flow_operations.ask_for_user_decision_from_strings,state_mutation,interactive_ui,interactive_ui,interactive,no_recorded_gap,admissible,,false,false,false,false
process_flow_operations.object_existence_test_check_only,state_mutation,model_mutation,,quick,no_recorded_gap,admissible,,false,true,true,true
relationship_operations.auto_filter_clouds_to_nominal_geometry_2d,state_mutation,model_mutation,,quick,no_recorded_gap,admissible,,false,true,true,true
relationship_operations.auto_filter_clouds_to_nominal_geometry_3d,state_mutation,model_mutation,,quick,no_recorded_gap,admissible,,false,true,true,true
relationship_operations.auto_filter_points_groups_clouds_to_surface_faces,state_mutation,model_mutation,,quick,no_recorded_gap,admissible,,false,true,true,true
relationship_operations.auto_filter_points_to_nominal_geometry_3d,state_mutation,model_mutation,,quick,no_recorded_gap,admissible,,false,true,true,true
relationship_operations.compute_geometry_relationship_uncertainties,state_mutation,model_mutation,,quick,no_recorded_gap,admissible,,false,true,true,true
relationship_operations.create_points_to_objects_map,state_mutation,model_mutation,,quick,no_recorded_gap,admissible,,false,true,true,true
relationship_operations.delete_relationship,state_mutation,destructive_model,destructive,quick,no_recorded_gap,admissible,destructive,false,true,true,true
relationship_operations.do_relationship_fit,state_mutation,model_mutation,,long_running,no_recorded_gap,admissible,,false,true,true,true
relationship_operations.edit_geometry_relationship_point_list,state_mutation,interactive_ui,interactive_ui,interactive,no_recorded_gap,admissible,,false,false,false,false
relationship_operations.enable_disable_relationships_for_optimization,state_mutation,model_mutation,,quick,no_recorded_gap,admissible,,false,true,true,true
relationship_operations.extract_geometry_from_point_clouds,state_mutation,model_mutation,,quick,no_recorded_gap,admissible,,false,true,true,true
relationship_operations.filter_geometry_relationship_outlier_cloud_points,state_mutation,model_mutation,,quick,no_recorded_gap,admissible,,false,true,true,true
relationship_operations.generate_geometry_relationship_summary,state_mutation,model_mutation,,quick,no_recorded_gap,admissible,,false,true,true,true
relationship_operations.geom_relationship_ignore_input_points,state_mutation,model_mutation,,quick,fixture_pending,admissible,fixture_validation_pending,false,true,true,true
relationship_operations.geom_relationship_reuse_ignored_input_points,state_mutation,model_mutation,,quick,no_recorded_gap,admissible,,false,true,true,true
relationship_operations.get_general_relationship_statistics,read_only,pure_read,,quick,no_recorded_gap,admissible,,true,true,true,true
relationship_operations.get_geom_relationship_auto_vectors,read_only,pure_read,,quick,no_recorded_gap,admissible,,true,true,true,true
relationship_operations.get_geom_relationship_cardinal_points,read_only,pure_read,,quick,no_recorded_gap,admissible,,true,true,true,true
relationship_operations.get_geom_relationship_criteria,read_only,pure_read,,quick,no_recorded_gap,admissible,,true,true,true,true
relationship_operations.get_geom_relationship_criteria_name_list,read_only,pure_read,,quick,no_recorded_gap,admissible,,true,true,true,true
relationship_operations.get_geom_relationship_measured_avg_point,read_only,pure_read,,quick,no_recorded_gap,admissible,,true,true,true,true
relationship_operations.get_geom_relationship_measured_geometry,read_only,pure_read,,quick,no_recorded_gap,admissible,,true,true,true,true
relationship_operations.get_geom_relationship_nominal_avg_point,read_only,pure_read,,quick,no_recorded_gap,admissible,,true,true,true,true
relationship_operations.get_geom_relationship_nominal_geometry,read_only,pure_read,,quick,no_recorded_gap,admissible,,true,true,true,true
relationship_operations.get_geom_relationship_point_list,read_only,pure_read,,quick,no_recorded_gap,admissible,,true,true,true,true
relationship_operations.get_geom_relationship_projection_plane,read_only,pure_read,,quick,no_recorded_gap,admissible,,true,true,true,true
relationship_operations.get_objects_from_points_to_objects_map_point_list,read_only,pure_read,,quick,no_recorded_gap,admissible,,true,true,true,true
relationship_operations.get_pipe_relationship_cut_status,read_only,pure_read,,quick,no_recorded_gap,admissible,,true,true,true,true
relationship_operations.get_pipe_relationship_properties,read_only,pure_read,,quick,no_recorded_gap,admissible,,true,true,true,true
relationship_operations.get_pipe_relationship_weights,read_only,pure_read,,quick,no_recorded_gap,admissible,,true,true,true,true
relationship_operations.get_point_to_point_relationship_statistics,read_only,pure_read,,quick,no_recorded_gap,admissible,,true,true,true,true
relationship_operations.get_points_to_objects_relationship_statistics,read_only,pure_read,,quick,no_recorded_gap,admissible,,true,true,true,true
relationship_operations.get_points_to_points_relationship_associated_data,read_only,pure_read,,quick,no_recorded_gap,admissible,,true,true,true,true
relationship_operations.get_relationship_associated_data,read_only,pure_read,,quick,no_recorded_gap,admissible,,true,true,true,true
relationship_operations.get_relationship_fit_constraints_scalar_type,read_only,pure_read,,quick,no_recorded_gap,admissible,,true,true,true,true
relationship_operations.get_relationship_outlier_rejection_scalar_type,read_only,pure_read,,quick,fixture_pending,admissible,fixture_validation_pending,true,true,true,true
relationship_operations.get_relationship_projection_options,read_only,pure_read,,quick,no_recorded_gap,admissible,,true,true,true,true
relationship_operations.get_relationship_reporting_frame,read_only,pure_read,,quick,fixture_pending,admissible,fixture_validation_pending,true,true,true,true
relationship_operations.get_relationship_sigmoidal_gap_fit_constraints,read_only,pure_read,,quick,no_recorded_gap,admissible,,true,true,true,true
relationship_operations.get_relationship_status,read_only,pure_read,,quick,no_recorded_gap,admissible,,true,true,true,true
relationship_operations.get_relationship_sub_sampling_options,read_only,pure_read,,quick,no_recorded_gap,admissible,,true,true,true,true
relationship_operations.get_relationship_tolerance_scalar_type,read_only,pure_read,,quick,no_recorded_gap,admissible,,true,true,true,true
relationship_operations.get_relationship_tolerance_vector_type,read_only,pure_read,,quick,no_recorded_gap,admissible,,true,true,true,true
relationship_operations.get_relationship_type,read_only,pure_read,,quick,no_recorded_gap,admissible,,true,true,true,true
relationship_operations.get_relationship_weighting,read_only,pure_read,,quick,no_recorded_gap,admissible,,true,true,true,true
relationship_operations.make_average_point_relationship,state_mutation,model_mutation,,quick,no_recorded_gap,admissible,,false,true,true,true
relationship_operations.make_cloud_to_swatch_relationship,state_mutation,model_mutation,,quick,no_recorded_gap,admissible,,false,true,true,true
relationship_operations.make_dynamic_circle_relationship,state_mutation,model_mutation,,quick,no_recorded_gap,admissible,,false,true,true,true
relationship_operations.make_dynamic_ellipse_relationship,state_mutation,model_mutation,,quick,no_recorded_gap,admissible,,false,true,true,true
relationship_operations.make_dynamic_line_relationship,state_mutation,model_mutation,,quick,no_recorded_gap,admissible,,false,true,true,true
relationship_operations.make_dynamic_plane_relationship,state_mutation,model_mutation,,quick,no_recorded_gap,admissible,,false,true,true,true
relationship_operations.make_dynamic_point_relationship,state_mutation,model_mutation,,quick,no_recorded_gap,admissible,,false,true,true,true
relationship_operations.make_frame_to_frame_relationship,state_mutation,model_mutation,,quick,no_recorded_gap,admissible,,false,true,true,true
relationship_operations.make_geometry_compare_only_relationship,state_mutation,model_mutation,,quick,no_recorded_gap,admissible,,false,true,true,true
relationship_operations.make_geometry_fit_and_compare_to_nominal_relationship,state_mutation,model_mutation,,quick,no_recorded_gap,admissible,,false,true,true,true
relationship_operations.make_geometry_fit_only_relationship,state_mutation,model_mutation,,quick,no_recorded_gap,admissible,,false,true,true,true
relationship_operations.make_group_to_group_relationship,state_mutation,model_mutation,,quick,no_recorded_gap,admissible,,false,true,true,true
relationship_operations.make_group_to_nominal_group_relationship,state_mutation,model_mutation,,quick,no_recorded_gap,admissible,,false,true,true,true
relationship_operations.make_groups_to_objects_relationship,state_mutation,model_mutation,,quick,no_recorded_gap,admissible,,false,true,true,true
relationship_operations.make_object_to_object_direction_relationship,state_mutation,model_mutation,,quick,no_recorded_gap,admissible,,false,true,true,true
relationship_operations.make_pipe_fitting_relationship,state_mutation,model_mutation,,quick,no_recorded_gap,admissible,,false,true,true,true
relationship_operations.make_pipe_relationship_cut,state_mutation,model_mutation,,quick,no_recorded_gap,admissible,,false,true,true,true
relationship_operations.make_point_clouds_to_objects_relationship,state_mutation,model_mutation,,quick,no_recorded_gap,admissible,,false,true,true,true
relationship_operations.make_point_to_point_relationship,state_mutation,model_mutation,,quick,no_recorded_gap,admissible,,false,true,true,true
relationship_operations.make_points_to_objects_relationship,state_mutation,model_mutation,,quick,no_recorded_gap,admissible,,false,true,true,true
relationship_operations.make_points_to_points_relationship,state_mutation,model_mutation,,quick,no_recorded_gap,admissible,,false,true,true,true
relationship_operations.make_vector_group_to_vector_group_relationship,state_mutation,model_mutation,,quick,no_recorded_gap,admissible,,false,true,true,true
relationship_operations.move_collections_by_minimizing_relationships,state_mutation,model_mutation,,long_running,no_recorded_gap,admissible,,false,true,true,true
relationship_operations.pipe_relationship_force_cut_to_frame,state_mutation,model_mutation,,quick,no_recorded_gap,admissible,,false,true,true,true
relationship_operations.relationship_watch_window_template,state_mutation,session_lifecycle,device_session,long_running,no_recorded_gap,exclusive_workflow,,false,false,false,false
relationship_operations.set_geom_relationship_auto_measure_nominal_feature,state_mutation,model_mutation,,quick,no_recorded_gap,admissible,,false,true,true,true
relationship_operations.set_geom_relationship_auto_vectors_nominal_avn,state_mutation,model_mutation,,quick,no_recorded_gap,admissible,,false,true,true,true
relationship_operations.set_geom_relationship_cardinal_points,state_mutation,model_mutation,,quick,no_recorded_gap,admissible,,false,true,true,true
relationship_operations.set_geom_relationship_criteria,state_mutation,model_mutation,,quick,no_recorded_gap,admissible,,false,true,true,true
relationship_operations.set_geom_relationship_measured_geometry,state_mutation,model_mutation,,quick,no_recorded_gap,admissible,,false,true,true,true
relationship_operations.set_geom_relationship_nominal_avg_point,state_mutation,model_mutation,,quick,no_recorded_gap,admissible,,false,true,true,true
relationship_operations.set_geom_relationship_nominal_geometry,state_mutation,model_mutation,,quick,no_recorded_gap,admissible,,false,true,true,true
relationship_operations.set_geom_relationship_projection_plane,state_mutation,model_mutation,,quick,no_recorded_gap,admissible,,false,true,true,true
relationship_operations.set_group_to_nominal_group_view_zooming,state_mutation,model_mutation,,quick,no_recorded_gap,admissible,,false,true,true,true
relationship_operations.set_object_to_object_direction_relationship_fit_constraints,state_mutation,model_mutation,,quick,no_recorded_gap,admissible,,false,true,true,true
relationship_operations.set_object_to_object_direction_relationship_tolerances,state_mutation,model_mutation,,quick,no_recorded_gap,admissible,,false,true,true,true
relationship_operations.set_optimization_perturbation_parameters,state_mutation,model_mutation,,quick,no_recorded_gap,admissible,,false,true,true,true
relationship_operations.set_optimization_search_options,state_mutation,model_mutation,,quick,no_recorded_gap,admissible,,false,true,true,true
relationship_operations.set_pipe_relationship_segment_properties,state_mutation,model_mutation,,quick,no_recorded_gap,admissible,,false,true,true,true
relationship_operations.set_pipe_relationship_weights,state_mutation,model_mutation,,quick,no_recorded_gap,admissible,,false,true,true,true
relationship_operations.set_points_to_points_relationship_associated_data,state_mutation,model_mutation,,quick,no_recorded_gap,admissible,,false,true,true,true
relationship_operations.set_relationship_associated_data,state_mutation,model_mutation,,quick,no_recorded_gap,admissible,,false,true,true,true
relationship_operations.set_relationship_auto_vectors_fit_avf,state_mutation,model_mutation,,quick,no_recorded_gap,admissible,,false,true,true,true
relationship_operations.set_relationship_auto_vectors_group_default_prefix,state_mutation,model_mutation,,quick,no_recorded_gap,admissible,,false,true,true,true
relationship_operations.set_relationship_desired_meas_count,state_mutation,model_mutation,,quick,no_recorded_gap,admissible,,false,true,true,true
relationship_operations.set_relationship_dormant_status,state_mutation,model_mutation,,quick,no_recorded_gap,admissible,,false,true,true,true
relationship_operations.set_relationship_fit_constraints_scalar_type,state_mutation,model_mutation,,quick,no_recorded_gap,admissible,,false,true,true,true
relationship_operations.set_relationship_orientation_fit_constraints_vector_type,state_mutation,model_mutation,,quick,no_recorded_gap,admissible,,false,true,true,true
relationship_operations.set_relationship_outlier_rejection_scalar_type,state_mutation,model_mutation,,quick,fixture_pending,admissible,fixture_validation_pending,false,true,true,true
relationship_operations.set_relationship_position_fit_constraints_vector_type,state_mutation,model_mutation,,quick,no_recorded_gap,admissible,,false,true,true,true
relationship_operations.set_relationship_projection_options,state_mutation,model_mutation,,quick,no_recorded_gap,admissible,,false,true,true,true
relationship_operations.set_relationship_reporting_frame,state_mutation,model_mutation,,quick,no_recorded_gap,admissible,,false,true,true,true
relationship_operations.set_relationship_sigmoidal_gap_fit_constraints,state_mutation,model_mutation,,quick,no_recorded_gap,admissible,,false,true,true,true
relationship_operations.set_relationship_sub_sampling_options,state_mutation,model_mutation,,quick,no_recorded_gap,admissible,,false,true,true,true
relationship_operations.set_relationship_tolerance_scalar_type,state_mutation,model_mutation,,quick,no_recorded_gap,admissible,,false,true,true,true
relationship_operations.set_relationship_tolerance_vector_type,state_mutation,model_mutation,,quick,no_recorded_gap,admissible,,false,true,true,true
relationship_operations.set_relationship_voxel_cloud_display,state_mutation,model_mutation,,quick,no_recorded_gap,admissible,,false,true,true,true
relationship_operations.set_relationship_weighting,state_mutation,model_mutation,,quick,no_recorded_gap,admissible,,false,true,true,true
relationship_operations.set_relationship_weights_normalized,state_mutation,model_mutation,,quick,no_recorded_gap,admissible,,false,true,true,true
relationship_operations.set_vector_group_to_vector_group_cylindrical_zone,state_mutation,model_mutation,,quick,no_recorded_gap,admissible,,false,true,true,true
relationship_operations.set_vector_group_to_vector_group_fit_gradient_factor,state_mutation,model_mutation,,quick,no_recorded_gap,admissible,,false,true,true,true
relationship_operations.set_vector_group_to_vector_group_fit_weights,state_mutation,model_mutation,,quick,no_recorded_gap,admissible,,false,true,true,true
relationship_operations.set_vector_group_to_vector_group_relative_polarity,state_mutation,model_mutation,,quick,no_recorded_gap,admissible,,false,true,true,true
relationship_operations.start_stop_relationship_trapping,state_mutation,session_lifecycle,device_session,long_running,no_recorded_gap,exclusive_workflow,,false,false,false,false
reporting_operations.add_charts_to_report_bar,state_mutation,model_mutation,,quick,no_recorded_gap,admissible,,false,true,true,true
reporting_operations.add_custom_table_to_sa_report,state_mutation,model_mutation,,quick,no_recorded_gap,admissible,,false,true,true,true
reporting_operations.add_custom_tables_to_report_bar,state_mutation,model_mutation,,quick,no_recorded_gap,admissible,,false,true,true,true
reporting_operations.add_datums_to_report_bar,state_mutation,model_mutation,,quick,no_recorded_gap,admissible,,false,true,true,true
reporting_operations.add_events_to_report_bar,state_mutation,model_mutation,,quick,no_recorded_gap,admissible,,false,true,true,true
reporting_operations.add_feature_checks_to_report_bar,state_mutation,model_mutation,,quick,no_recorded_gap,admissible,,false,true,true,true
reporting_operations.add_item_to_sa_report_at_location,state_mutation,model_mutation,,quick,no_recorded_gap,admissible,,false,true,true,true
reporting_operations.add_objects_to_report_bar,state_mutation,model_mutation,,quick,no_recorded_gap,admissible,,false,true,true,true
reporting_operations.add_pictures_to_report_bar,state_mutation,model_mutation,,quick,no_recorded_gap,admissible,,false,true,true,true
reporting_operations.add_relationships_to_report_bar,state_mutation,model_mutation,,quick,no_recorded_gap,admissible,,false,true,true,true
reporting_operations.append_items_to_sa_report,state_mutation,model_mutation,,quick,no_recorded_gap,admissible,,false,true,true,true
reporting_operations.capture_current_view,state_mutation,model_mutation,,quick,fixture_pending,admissible,fixture_validation_pending,false,true,true,true
reporting_operations.capture_screen_to_file_bmp_jpg_png_gif_tiff,state_mutation,file_io,filesystem_write,quick,fixture_pending,admissible,fixture_validation_pending,false,true,true,true
reporting_operations.clear_custom_table,state_mutation,destructive_model,destructive,quick,no_recorded_gap,admissible,,false,true,true,true
reporting_operations.close_all_reports,state_mutation,destructive_model,destructive,quick,no_recorded_gap,admissible,,false,true,true,true
reporting_operations.close_html_display_board,state_mutation,interactive_ui,interactive_ui,interactive,fixture_pending,admissible,fixture_validation_pending,false,false,false,false
reporting_operations.combine_sa_reports,state_mutation,model_mutation,,quick,no_recorded_gap,admissible,,false,true,true,true
reporting_operations.create_chart_from_vector_group,state_mutation,model_mutation,,quick,no_recorded_gap,admissible,,false,true,true,true
reporting_operations.define_report_template,state_mutation,model_mutation,,quick,no_recorded_gap,admissible,,false,true,true,true
reporting_operations.delete_chart,state_mutation,destructive_model,destructive,quick,no_recorded_gap,admissible,,false,true,true,true
reporting_operations.delete_custom_table,state_mutation,destructive_model,destructive,quick,no_recorded_gap,admissible,,false,true,true,true
reporting_operations.delete_picture,state_mutation,destructive_model,destructive,quick,no_recorded_gap,admissible,,false,true,true,true
reporting_operations.delete_sa_doc,state_mutation,destructive_model,destructive,quick,no_recorded_gap,admissible,,false,true,true,true
reporting_operations.delete_sa_report,state_mutation,destructive_model,destructive,quick,no_recorded_gap,admissible,,false,true,true,true
reporting_operations.delete_sa_report_template,state_mutation,destructive_model,destructive,quick,no_recorded_gap,admissible,,false,true,true,true
reporting_operations.generate_quick_report_from_tab_order,state_mutation,model_mutation,,quick,no_recorded_gap,admissible,,false,true,true,true
reporting_operations.generate_standard_html_report,state_mutation,file_io,filesystem_write,quick,no_recorded_gap,admissible,,false,true,true,true
reporting_operations.generate_update_templated_report,state_mutation,model_mutation,,quick,no_recorded_gap,admissible,,false,true,true,true
reporting_operations.get_custom_table_cell_double,read_only,pure_read,,quick,no_recorded_gap,admissible,,true,true,true,true
reporting_operations.get_custom_table_cell_string,read_only,pure_read,,quick,no_recorded_gap,admissible,,true,true,true,true
reporting_operations.get_defined_report_tags,read_only,pure_read,,quick,no_recorded_gap,admissible,,true,true,true,true
reporting_operations.get_report_tag_value,read_only,pure_read,,quick,no_recorded_gap,admissible,,true,true,true,true
reporting_operations.html_display_board,state_mutation,interactive_ui,filesystem_read;interactive_ui,interactive,fixture_pending,admissible,fixture_validation_pending,false,false,false,false
reporting_operations.make_custom_table,state_mutation,model_mutation,,quick,no_recorded_gap,admissible,,false,true,true,true
reporting_operations.make_new_sa_report,state_mutation,model_mutation,,quick,no_recorded_gap,admissible,,false,true,true,true
reporting_operations.make_utility_chart,state_mutation,model_mutation,filesystem_read,quick,fixture_pending,admissible,fixture_validation_pending,false,true,true,true
reporting_operations.notify_user_double,state_mutation,interactive_ui,interactive_ui,interactive,fixture_pending,admissible,fixture_validation_pending,false,false,false,false
reporting_operations.notify_user_html,state_mutation,interactive_ui,filesystem_read;interactive_ui,interactive,no_recorded_gap,admissible,,false,false,false,false
reporting_operations.notify_user_integer,state_mutation,interactive_ui,interactive_ui,interactive,fixture_pending,admissible,fixture_validation_pending,false,false,false,false
reporting_operations.notify_user_text_array,state_mutation,interactive_ui,interactive_ui,interactive,fixture_pending,admissible,fixture_validation_pending,false,false,false,false
reporting_operations.output_sa_report_to_excel,state_mutation,file_io,filesystem_write,long_running,no_recorded_gap,admissible,,false,true,true,true
reporting_operations.output_sa_report_to_pdf,state_mutation,file_io,filesystem_write,long_running,no_recorded_gap,admissible,,false,true,true,true
reporting_operations.quick_report,state_mutation,model_mutation,,quick,no_recorded_gap,admissible,,false,true,true,true
reporting_operations.refresh_callout_views_in_sa_report,state_mutation,model_mutation,,quick,no_recorded_gap,admissible,,false,true,true,true
reporting_operations.refresh_report_bar,state_mutation,model_mutation,,quick,no_recorded_gap,admissible,,false,true,true,true
reporting_operations.remove_report_tag,state_mutation,model_mutation,,quick,no_recorded_gap,admissible,,false,true,true,true
reporting_operations.rename_picture,state_mutation,model_mutation,,quick,no_recorded_gap,admissible,,false,true,true,true
reporting_operations.save_chart_to_jpeg_file,state_mutation,file_io,filesystem_write,quick,no_recorded_gap,admissible,,false,true,true,true
reporting_operations.save_current_view_bmp_jpg_png_gif_tiff,state_mutation,file_io,filesystem_write,quick,fixture_pending,admissible,fixture_validation_pending,false,true,true,true
reporting_operations.set_custom_table_cell_color,state_mutation,model_mutation,,quick,no_recorded_gap,admissible,,false,true,true,true
reporting_operations.set_custom_table_cell_double,state_mutation,model_mutation,,quick,no_recorded_gap,admissible,,false,true,true,true
reporting_operations.set_custom_table_cell_font,state_mutation,model_mutation,,quick,no_recorded_gap,admissible,,false,true,true,true
reporting_operations.set_custom_table_cell_string,state_mutation,model_mutation,,quick,no_recorded_gap,admissible,,false,true,true,true
reporting_operations.set_custom_table_header_cell,state_mutation,model_mutation,,quick,no_recorded_gap,admissible,,false,true,true,true
reporting_operations.set_custom_table_header_row,state_mutation,model_mutation,,quick,no_recorded_gap,admissible,,false,true,true,true
reporting_operations.set_custom_table_title,state_mutation,model_mutation,,quick,no_recorded_gap,admissible,,false,true,true,true
reporting_operations.set_point_group_report_options,state_mutation,model_mutation,,quick,no_recorded_gap,admissible,,false,true,true,true
reporting_operations.set_relationship_report_options,state_mutation,model_mutation,,quick,no_recorded_gap,admissible,,false,true,true,true
reporting_operations.set_report_bar_visibility,state_mutation,model_mutation,,quick,no_recorded_gap,admissible,,false,true,true,true
reporting_operations.set_report_options_for_object,state_mutation,interactive_ui,interactive_ui,interactive,fixture_pending,admissible,fixture_validation_pending,false,false,false,false
reporting_operations.set_report_tag_value_from_double,state_mutation,model_mutation,,quick,no_recorded_gap,admissible,,false,true,true,true
reporting_operations.set_report_tag_value_from_integer,state_mutation,model_mutation,,quick,no_recorded_gap,admissible,,false,true,true,true
reporting_operations.set_report_tag_value_from_string,state_mutation,model_mutation,,quick,no_recorded_gap,admissible,,false,true,true,true
reporting_operations.set_scale_for_picture,state_mutation,model_mutation,,quick,no_recorded_gap,admissible,,false,true,true,true
reporting_operations.set_vector_group_report_options,state_mutation,model_mutation,,quick,no_recorded_gap,admissible,,false,true,true,true
robot_calibration_appliance_node_operations.add_calibration_appliance_node,state_mutation,model_mutation,,quick,no_recorded_gap,admissible,,false,true,true,true
robot_calibration_appliance_node_operations.clear_calibration_appliance_node_trap_manager_requests,state_mutation,session_lifecycle,destructive;device_session,long_running,no_recorded_gap,exclusive_workflow,,false,false,false,false
robot_calibration_appliance_node_operations.connect_disconnect_calibration_appliance_node,state_mutation,session_lifecycle,device_session,long_running,no_recorded_gap,exclusive_workflow,,false,false,false,false
robot_calibration_appliance_node_operations.delete_calibration_appliance_node,state_mutation,destructive_model,destructive,quick,no_recorded_gap,admissible,destructive,false,true,true,true
robot_calibration_appliance_node_operations.enable_disable_calibration_appliance_node_instrument_auto_point,state_mutation,session_lifecycle,device_session,long_running,no_recorded_gap,exclusive_workflow,,false,false,false,false
robot_calibration_appliance_node_operations.enable_disable_calibration_appliance_node_trap_manager,state_mutation,session_lifecycle,device_session,long_running,no_recorded_gap,exclusive_workflow,,false,false,false,false
robot_calibration_appliance_node_operations.get_calibration_appliance_node_data,read_only,device_config,device_config,quick,no_recorded_gap,admissible,,false,false,true,true
robot_calibration_appliance_node_operations.get_calibration_appliance_node_integer_value,read_only,device_config,device_config,quick,no_recorded_gap,admissible,,false,false,true,true
robot_calibration_appliance_node_operations.get_calibration_appliance_node_real_value,read_only,device_config,device_config,quick,no_recorded_gap,admissible,,false,false,true,true
robot_calibration_appliance_node_operations.get_calibration_appliance_node_status,read_only,device_action,device_session,long_running,no_recorded_gap,admissible,,false,false,true,true
robot_calibration_appliance_node_operations.set_calibration_appliance_node_calibration_appliance_ip_address,state_mutation,device_config,device_config;external_io,quick,no_recorded_gap,admissible,,false,false,false,true
robot_calibration_appliance_node_operations.set_calibration_appliance_node_data,state_mutation,device_config,device_config,quick,no_recorded_gap,admissible,,false,false,true,true
robot_calibration_appliance_node_operations.set_calibration_appliance_node_display_robot,state_mutation,device_config,device_config,quick,no_recorded_gap,admissible,,false,false,true,true
robot_calibration_appliance_node_operations.set_calibration_appliance_node_instrument,state_mutation,device_config,device_config,quick,no_recorded_gap,admissible,,false,false,true,true
robot_calibration_appliance_node_operations.set_calibration_appliance_node_instrument_dwell_time,state_mutation,device_config,device_config,quick,no_recorded_gap,admissible,,false,false,true,true
robot_calibration_appliance_node_operations.set_calibration_appliance_node_integer_value,state_mutation,device_config,device_config,quick,no_recorded_gap,admissible,,false,false,true,true
robot_calibration_appliance_node_operations.set_calibration_appliance_node_measurement_frame,state_mutation,device_config,device_config,quick,no_recorded_gap,admissible,,false,false,true,true
robot_calibration_appliance_node_operations.set_calibration_appliance_node_measurement_offset_transform,state_mutation,device_config,device_config,quick,no_recorded_gap,admissible,,false,false,true,true
robot_calibration_appliance_node_operations.set_calibration_appliance_node_measurement_point_group,state_mutation,device_config,device_config,quick,no_recorded_gap,admissible,,false,false,true,true
robot_calibration_appliance_node_operations.set_calibration_appliance_node_measurement_profile,state_mutation,device_config,device_config,quick,no_recorded_gap,admissible,,false,false,true,true
robot_calibration_appliance_node_operations.set_calibration_appliance_node_measurement_target,state_mutation,device_config,device_config,quick,no_recorded_gap,admissible,,false,false,true,true
robot_calibration_appliance_node_operations.set_calibration_appliance_node_real_value,state_mutation,device_config,device_config,quick,no_recorded_gap,admissible,,false,false,true,true
robot_calibration_appliance_node_operations.set_calibration_appliance_node_trapping_node_id,state_mutation,device_config,device_config,quick,no_recorded_gap,admissible,,false,false,true,true
robot_calibration_appliance_node_operations.skip_calibration_appliance_node_measurement,state_mutation,session_lifecycle,device_session,long_running,no_recorded_gap,exclusive_workflow,,false,false,false,false
robot_calibration_appliance_node_operations.update_calibration_appliance_node_display_robot_joints,state_mutation,device_action,device_session,long_running,no_recorded_gap,admissible,,false,false,true,true
robot_operations.add_robot_machine_manip_kin,state_mutation,model_mutation,filesystem_read,quick,no_recorded_gap,admissible,,false,true,true,true
robot_operations.add_robot_machine_sa_machine,state_mutation,model_mutation,filesystem_read,quick,no_recorded_gap,admissible,,false,true,true,true
robot_operations.compute_robot_machine_adjusted_goal_frame,state_mutation,model_mutation,,quick,no_recorded_gap,admissible,,false,true,true,true
robot_operations.create_robot_calibration,state_mutation,model_mutation,,quick,no_recorded_gap,admissible,,false,true,true,true
robot_operations.delete_robot_calibration,state_mutation,destructive_model,destructive,quick,no_recorded_gap,admissible,destructive,false,true,true,true
robot_operations.delete_robot_machine,state_mutation,destructive_model,destructive,quick,no_recorded_gap,admissible,destructive,false,true,true,true
robot_operations.get_calibration_appliance_data,read_only,device_config,device_config,quick,no_recorded_gap,admissible,,false,false,true,true
robot_operations.get_calibration_appliance_integer_value,read_only,device_config,device_config,quick,no_recorded_gap,admissible,,false,false,true,true
robot_operations.get_calibration_appliance_real_value,read_only,device_config,device_config,quick,no_recorded_gap,admissible,,false,false,true,true
robot_operations.get_robot_machine_model_link_parameters,read_only,pure_read,,quick,no_recorded_gap,admissible,,true,true,true,true
robot_operations.get_robot_machine_parameter,read_only,device_action,device_session,long_running,no_recorded_gap,admissible,,false,false,true,true
robot_operations.get_robot_pose_for_a_frame,read_only,pure_read,,quick,no_recorded_gap,admissible,,true,true,true,true
robot_operations.import_poses_match_to_frames,state_mutation,file_io,filesystem_read,quick,no_recorded_gap,admissible,,false,true,true,true
robot_operations.import_poses_match_to_measurements,state_mutation,file_io,filesystem_read,quick,no_recorded_gap,admissible,,false,true,true,true
robot_operations.move_robot_machine_through_path,state_mutation,device_action,device_session;physical_motion,long_running,no_recorded_gap,admissible,,false,false,true,true
robot_operations.move_robot_machine_to_frame,state_mutation,device_action,device_session;physical_motion,long_running,no_recorded_gap,admissible,,false,false,true,true
robot_operations.move_robot_machine_to_joint_pose_six_dof,state_mutation,device_action,device_session;physical_motion,long_running,no_recorded_gap,admissible,,false,false,true,true
robot_operations.move_robot_machine_to_named_destination,state_mutation,device_action,device_session;physical_motion,long_running,no_recorded_gap,admissible,,false,false,true,true
robot_operations.perform_robot_calibration,state_mutation,session_lifecycle,device_session;physical_motion,long_running,no_recorded_gap,exclusive_workflow,,false,false,false,false
robot_operations.perform_robot_calibration_alternate,state_mutation,session_lifecycle,device_session;physical_motion,long_running,no_recorded_gap,exclusive_workflow,,false,false,false,false
robot_operations.set_active_robot_calibration,state_mutation,model_mutation,,quick,no_recorded_gap,admissible,,false,true,true,true
robot_operations.set_calibration_appliance_data,state_mutation,device_config,device_config,quick,no_recorded_gap,admissible,,false,false,true,true
robot_operations.set_calibration_appliance_integer_value,state_mutation,device_config,device_config,quick,no_recorded_gap,admissible,,false,false,true,true
robot_operations.set_calibration_appliance_real_value,state_mutation,device_config,device_config,quick,no_recorded_gap,admissible,,false,false,true,true
robot_operations.set_robot_calibration_measurement_offset_in_tool_frame,state_mutation,model_mutation,,quick,no_recorded_gap,admissible,,false,true,true,true
robot_operations.set_robot_calibration_tool_frame,state_mutation,model_mutation,,quick,no_recorded_gap,admissible,,false,true,true,true
robot_operations.set_robot_machine_base_transform,state_mutation,model_mutation,,quick,no_recorded_gap,admissible,,false,true,true,true
robot_operations.set_robot_machine_model_link_parameters,state_mutation,model_mutation,,quick,no_recorded_gap,admissible,,false,true,true,true
robot_operations.set_robot_machine_parameter,state_mutation,device_action,device_config;device_session,long_running,no_recorded_gap,admissible,,false,false,true,true
robot_operations.simulate_robot_machine_path_output_csv_file,state_mutation,file_io,filesystem_write,long_running,no_recorded_gap,admissible,,false,true,true,true
robot_operations.start_robot_machine_interface,state_mutation,session_lifecycle,device_session,long_running,no_recorded_gap,exclusive_workflow,,false,false,false,false
robot_operations.start_stop_robot_calibration_trapping,state_mutation,session_lifecycle,device_session,long_running,no_recorded_gap,exclusive_workflow,,false,false,false,false
robot_operations.stop_robot_machine_interface,state_mutation,session_lifecycle,device_session,long_running,no_recorded_gap,exclusive_workflow,,false,false,false,false
scale_bar_operations.delete_scale_bar,state_mutation,destructive_model,destructive,quick,fixture_pending,admissible,fixture_validation_pending,false,true,true,true
scale_bar_operations.get_scale_bar_stats,read_only,pure_read,,quick,fixture_pending,admissible,fixture_validation_pending,true,true,true,true
scale_bar_operations.scale_bar_check,state_mutation,model_mutation,,quick,fixture_pending,admissible,fixture_validation_pending,false,true,true,true
scale_bar_operations.set_inward_positive_normal,state_mutation,model_mutation,,quick,fixture_pending,admissible,fixture_validation_pending,false,true,true,true
utility_operations.close_all_watch_windows,state_mutation,session_lifecycle,device_session,long_running,no_recorded_gap,exclusive_workflow,,false,false,false,false
utility_operations.delete_folder,state_mutation,destructive_model,destructive,quick,no_recorded_gap,admissible,,false,true,true,true
utility_operations.delete_items,state_mutation,destructive_model,destructive,quick,no_recorded_gap,admissible,,false,true,true,true
utility_operations.delete_objects,state_mutation,destructive_model,destructive,quick,no_recorded_gap,admissible,,false,true,true,true
utility_operations.get_active_language,read_only,pure_read,,quick,no_recorded_gap,admissible,,true,true,true,true
utility_operations.get_active_units,read_only,pure_read,,quick,no_recorded_gap,admissible,,true,true,true,true
utility_operations.get_angular_representation,read_only,pure_read,,quick,no_recorded_gap,admissible,,true,true,true,true
utility_operations.get_collection_notes,read_only,pure_read,,quick,no_recorded_gap,admissible,,true,true,true,true
utility_operations.get_folder_collections,read_only,pure_read,,quick,no_recorded_gap,admissible,,true,true,true,true
utility_operations.get_folder_notes,read_only,pure_read,,quick,no_recorded_gap,admissible,,true,true,true,true
utility_operations.get_folders_by_wildcard,read_only,pure_read,,quick,no_recorded_gap,admissible,,true,true,true,true
utility_operations.get_object_notes,read_only,pure_read,,quick,no_recorded_gap,admissible,,true,true,true,true
utility_operations.get_opc_da_tag_value_double,read_only,external_io,external_io,quick,fixture_pending,admissible,fixture_validation_pending,false,false,false,true
utility_operations.get_opc_da_tag_value_integer,read_only,external_io,external_io,quick,fixture_pending,admissible,fixture_validation_pending,false,false,false,true
utility_operations.get_opc_da_tag_value_string,read_only,external_io,external_io,quick,fixture_pending,admissible,fixture_validation_pending,false,false,false,true
utility_operations.get_point_notes,read_only,pure_read,,quick,no_recorded_gap,admissible,,true,true,true,true
utility_operations.get_screen_resolution,read_only,pure_read,,quick,no_recorded_gap,admissible,,true,true,true,true
utility_operations.get_working_frame_properties,read_only,pure_read,,quick,no_recorded_gap,admissible,,true,true,true,true
utility_operations.increment_point_name,state_mutation,model_mutation,,quick,no_recorded_gap,admissible,,false,true,true,true
utility_operations.lock_imported_items,state_mutation,model_mutation,,quick,no_recorded_gap,admissible,,false,true,true,true
utility_operations.lock_unlock_selected_items,state_mutation,model_mutation,,quick,no_recorded_gap,admissible,,false,true,true,true
utility_operations.lock_unlock_trapping_control,state_mutation,session_lifecycle,device_session,long_running,no_recorded_gap,exclusive_workflow,,false,false,false,false
utility_operations.move_collection_to_folder,state_mutation,model_mutation,,quick,no_recorded_gap,admissible,,false,true,true,true
utility_operations.move_folder_to_folder,state_mutation,model_mutation,,quick,no_recorded_gap,admissible,,false,true,true,true
utility_operations.move_instruments_drag_graphically,state_mutation,interactive_ui,interactive_ui,interactive,fixture_pending,admissible,fixture_validation_pending,false,false,false,false
utility_operations.move_objects_drag_graphically,state_mutation,interactive_ui,interactive_ui,interactive,fixture_pending,admissible,fixture_validation_pending,false,false,false,false
utility_operations.scale_objects,state_mutation,model_mutation,,quick,no_recorded_gap,admissible,,false,true,true,true
utility_operations.set_active_custom_language,state_mutation,model_mutation,filesystem_read,quick,no_recorded_gap,admissible,,false,true,true,true
utility_operations.set_active_units,state_mutation,model_mutation,,quick,no_recorded_gap,admissible,,false,true,true,true
utility_operations.set_angular_representation,state_mutation,model_mutation,,quick,no_recorded_gap,admissible,,false,true,true,true
utility_operations.set_auto_event_creation,state_mutation,model_mutation,,quick,no_recorded_gap,admissible,,false,true,true,true
utility_operations.set_automatic_backup_state,state_mutation,model_mutation,,quick,no_recorded_gap,admissible,,false,true,true,true
utility_operations.set_automatic_relationship_construction_state,state_mutation,model_mutation,,quick,no_recorded_gap,admissible,,false,true,true,true
utility_operations.set_collection_notes,state_mutation,model_mutation,,quick,no_recorded_gap,admissible,,false,true,true,true
utility_operations.set_decimal_digits_for_display,state_mutation,model_mutation,,quick,no_recorded_gap,admissible,,false,true,true,true
utility_operations.set_folder_notes,state_mutation,model_mutation,,quick,no_recorded_gap,admissible,,false,true,true,true
utility_operations.set_interaction_mode,state_mutation,model_mutation,,quick,no_recorded_gap,admissible,,false,true,true,true
utility_operations.set_logging_state,state_mutation,model_mutation,,quick,no_recorded_gap,admissible,,false,true,true,true
utility_operations.set_notification_cancel_override,state_mutation,model_mutation,,quick,no_recorded_gap,admissible,,false,true,true,true
utility_operations.set_object_notes,state_mutation,model_mutation,,quick,no_recorded_gap,admissible,,false,true,true,true
utility_operations.set_opc_da_tag_value_double,state_mutation,external_io,external_io,quick,fixture_pending,admissible,fixture_validation_pending,false,false,false,true
utility_operations.set_opc_da_tag_value_integer,state_mutation,external_io,external_io,quick,fixture_pending,admissible,fixture_validation_pending,false,false,false,true
utility_operations.set_opc_da_tag_value_string,state_mutation,external_io,external_io,quick,fixture_pending,admissible,fixture_validation_pending,false,false,false,true
utility_operations.set_point_notes,state_mutation,model_mutation,,quick,no_recorded_gap,admissible,,false,true,true,true
utility_operations.set_user_interface_profile,state_mutation,model_mutation,filesystem_read,quick,no_recorded_gap,admissible,,false,true,true,true
utility_operations.set_view_idle_update_frequency,state_mutation,model_mutation,,quick,no_recorded_gap,admissible,,false,true,true,true
utility_operations.set_wild_card_asterisk_mode,state_mutation,model_mutation,,quick,no_recorded_gap,admissible,,false,true,true,true
utility_operations.set_working_frame,state_mutation,model_mutation,,quick,no_recorded_gap,admissible,,false,true,true,true
utility_operations.status_dialog,state_mutation,interactive_ui,interactive_ui,interactive,no_recorded_gap,admissible,,false,false,false,false
utility_operations.trim_log_file,state_mutation,destructive_model,destructive,quick,no_recorded_gap,admissible,,false,true,true,true
utility_operations.write_to_log,state_mutation,model_mutation,,quick,no_recorded_gap,admissible,,false,true,true,true
variables.add_double_to_named_double_list_variable,state_mutation,model_mutation,,quick,no_recorded_gap,admissible,,false,true,true,true
variables.clear_named_double_list_variable,state_mutation,destructive_model,destructive,quick,no_recorded_gap,admissible,,false,true,true,true
variables.delete_variable,state_mutation,destructive_model,destructive,quick,no_recorded_gap,admissible,,false,true,true,true
variables.delete_variables_wildcard_match,state_mutation,destructive_model,destructive,quick,no_recorded_gap,admissible,,false,true,true,true
variables.get_boolean_variable,read_only,pure_read,,quick,no_recorded_gap,admissible,,true,true,true,true
variables.get_collection_object_name_variable,read_only,pure_read,,quick,no_recorded_gap,admissible,,true,true,true,true
variables.get_collection_object_ref_list_variable,read_only,pure_read,,quick,no_recorded_gap,admissible,,true,true,true,true
variables.get_double_variable,read_only,pure_read,,quick,no_recorded_gap,admissible,,true,true,true,true
variables.get_integer_variable,read_only,pure_read,,quick,no_recorded_gap,admissible,,true,true,true,true
variables.get_named_double_list_variable,read_only,pure_read,,quick,no_recorded_gap,admissible,,true,true,true,true
variables.get_named_double_list_variable_min_max,read_only,pure_read,,quick,no_recorded_gap,admissible,,true,true,true,true
variables.get_point_name_ref_list_variable,read_only,pure_read,,quick,no_recorded_gap,admissible,,true,true,true,true
variables.get_point_name_variable,read_only,pure_read,,quick,no_recorded_gap,admissible,,true,true,true,true
variables.get_relationship_ref_list_variable,read_only,pure_read,,quick,no_recorded_gap,admissible,,true,true,true,true
variables.get_report_items_reference_list_variable,read_only,pure_read,,quick,no_recorded_gap,admissible,,true,true,true,true
variables.get_string_ref_list_variable,read_only,pure_read,,quick,no_recorded_gap,admissible,,true,true,true,true
variables.get_string_variable,read_only,pure_read,,quick,no_recorded_gap,admissible,,true,true,true,true
variables.get_transform_variable,read_only,pure_read,,quick,no_recorded_gap,admissible,,true,true,true,true
variables.get_vector_name_ref_list_variable,read_only,pure_read,,quick,no_recorded_gap,admissible,,true,true,true,true
variables.get_vector_variable,read_only,pure_read,,quick,no_recorded_gap,admissible,,true,true,true,true
variables.set_boolean_variable,state_mutation,model_mutation,,quick,no_recorded_gap,admissible,,false,true,true,true
variables.set_collection_object_name_variable,state_mutation,model_mutation,,quick,no_recorded_gap,admissible,,false,true,true,true
variables.set_collection_object_ref_list_variable,state_mutation,model_mutation,,quick,no_recorded_gap,admissible,,false,true,true,true
variables.set_double_variable,state_mutation,model_mutation,,quick,no_recorded_gap,admissible,,false,true,true,true
variables.set_font_variable,state_mutation,model_mutation,,quick,no_recorded_gap,admissible,,false,true,true,true
variables.set_integer_variable,state_mutation,model_mutation,,quick,no_recorded_gap,admissible,,false,true,true,true
variables.set_named_double_list_variable,state_mutation,model_mutation,,quick,no_recorded_gap,admissible,,false,true,true,true
variables.set_point_name_ref_list_variable,state_mutation,model_mutation,,quick,no_recorded_gap,admissible,,false,true,true,true
variables.set_point_name_variable,state_mutation,model_mutation,,quick,no_recorded_gap,admissible,,false,true,true,true
variables.set_relationship_ref_list_variable,state_mutation,model_mutation,,quick,no_recorded_gap,admissible,,false,true,true,true
variables.set_report_items_reference_list_variable,state_mutation,model_mutation,,quick,no_recorded_gap,admissible,,false,true,true,true
variables.set_string_ref_list_variable,state_mutation,model_mutation,,quick,no_recorded_gap,admissible,,false,true,true,true
variables.set_string_variable,state_mutation,model_mutation,,quick,no_recorded_gap,admissible,,false,true,true,true
variables.set_transform_variable,state_mutation,model_mutation,,quick,no_recorded_gap,admissible,,false,true,true,true
variables.set_vector_name_ref_list_variable,state_mutation,model_mutation,,quick,no_recorded_gap,admissible,,false,true,true,true
variables.set_vector_variable,state_mutation,model_mutation,,quick,no_recorded_gap,admissible,,false,true,true,true
vector_operations.add_a_vector_to_vector_name_ref_list,state_mutation,model_mutation,,quick,no_recorded_gap,admissible,,false,true,true,true
vector_operations.auto_range_and_set_vector_group_colorization_all,state_mutation,model_mutation,,quick,no_recorded_gap,admissible,,false,true,true,true
vector_operations.auto_range_and_set_vector_group_colorization_selected,state_mutation,model_mutation,,quick,no_recorded_gap,admissible,,false,true,true,true
vector_operations.delete_ith_vector_from_vector_group,state_mutation,destructive_model,destructive,quick,no_recorded_gap,admissible,,false,true,true,true
vector_operations.delete_vector_by_name,state_mutation,destructive_model,destructive,quick,no_recorded_gap,admissible,,false,true,true,true
vector_operations.delete_vectors,state_mutation,destructive_model,destructive,quick,no_recorded_gap,admissible,,false,true,true,true
vector_operations.get_ith_vector_from_vector_group,read_only,pure_read,,quick,no_recorded_gap,admissible,,true,true,true,true
vector_operations.get_ith_vector_from_vector_name_ref_list,read_only,pure_read,,quick,no_recorded_gap,admissible,,true,true,true,true
vector_operations.get_number_of_vectors_in_vector_group,read_only,pure_read,,quick,no_recorded_gap,admissible,,true,true,true,true
vector_operations.get_number_of_vectors_in_vector_name_ref_list,read_only,pure_read,,quick,no_recorded_gap,admissible,,true,true,true,true
vector_operations.get_vector_from_vector_group_by_name,read_only,pure_read,,quick,no_recorded_gap,admissible,,true,true,true,true
vector_operations.get_vector_group_properties,read_only,pure_read,,quick,no_recorded_gap,admissible,,true,true,true,true
vector_operations.set_vector_group_colorization_options_all,state_mutation,model_mutation,,quick,no_recorded_gap,admissible,,false,true,true,true
vector_operations.set_vector_group_colorization_options_selected,state_mutation,model_mutation,,quick,no_recorded_gap,admissible,,false,true,true,true
vector_operations.sort_vectors,state_mutation,model_mutation,,quick,no_recorded_gap,admissible,,false,true,true,true
view_control.auto_scale,state_mutation,model_mutation,,quick,no_recorded_gap,admissible,,false,true,true,true
view_control.center_graphics_about_objects,state_mutation,model_mutation,,quick,no_recorded_gap,admissible,,false,true,true,true
view_control.center_graphics_about_point,state_mutation,model_mutation,,quick,no_recorded_gap,admissible,,false,true,true,true
view_control.define_point_of_view,state_mutation,model_mutation,,quick,no_recorded_gap,admissible,,false,true,true,true
view_control.get_active_clipping_planes,read_only,pure_read,,quick,no_recorded_gap,admissible,,true,true,true,true
view_control.get_point_of_view_parameters,read_only,pure_read,,quick,no_recorded_gap,admissible,,true,true,true,true
view_control.hide_all_callout_views,state_mutation,model_mutation,,quick,no_recorded_gap,admissible,,false,true,true,true
view_control.hide_objects,state_mutation,model_mutation,,quick,no_recorded_gap,admissible,,false,true,true,true
view_control.highlight_objects,state_mutation,model_mutation,,quick,no_recorded_gap,admissible,,false,true,true,true
view_control.highlight_point,state_mutation,model_mutation,,quick,no_recorded_gap,admissible,,false,true,true,true
view_control.highlight_relationships,state_mutation,model_mutation,,quick,no_recorded_gap,admissible,,false,true,true,true
view_control.load_ribbon_bar_from_xml_file,state_mutation,file_io,filesystem_read,quick,fixture_pending,admissible,fixture_validation_pending,false,true,true,true
view_control.refresh_views,state_mutation,model_mutation,,quick,no_recorded_gap,admissible,,false,true,true,true
view_control.reset_ribbon_bar_to_default,state_mutation,model_mutation,,quick,no_recorded_gap,admissible,,false,true,true,true
view_control.save_point_of_view,state_mutation,model_mutation,,quick,no_recorded_gap,admissible,,false,true,true,true
view_control.set_background_color,state_mutation,model_mutation,,quick,no_recorded_gap,admissible,,false,true,true,true
view_control.set_mp_window_state,state_mutation,model_mutation,,quick,fixture_pending,admissible,fixture_validation_pending,false,true,true,true
view_control.set_objects_color,state_mutation,model_mutation,,quick,no_recorded_gap,admissible,,false,true,true,true
view_control.set_objects_translucency,state_mutation,model_mutation,,quick,no_recorded_gap,admissible,,false,true,true,true
view_control.set_point_of_view,state_mutation,model_mutation,,quick,no_recorded_gap,admissible,,false,true,true,true
view_control.set_point_of_view_from_frame,state_mutation,model_mutation,,quick,no_recorded_gap,admissible,,false,true,true,true
view_control.set_point_of_view_from_instrument_updates,state_mutation,session_lifecycle,device_session,long_running,fixture_pending,exclusive_workflow,fixture_validation_pending,false,false,false,false
view_control.set_render_mode_type,state_mutation,model_mutation,,quick,no_recorded_gap,admissible,,false,true,true,true
view_control.set_sa_window_pos,state_mutation,model_mutation,,quick,no_recorded_gap,admissible,,false,true,true,true
view_control.set_sa_window_size,state_mutation,model_mutation,,quick,no_recorded_gap,admissible,,false,true,true,true
view_control.set_sa_window_state,state_mutation,model_mutation,,quick,no_recorded_gap,admissible,,false,true,true,true
view_control.set_target_labels_use_full_names,state_mutation,model_mutation,,quick,no_recorded_gap,admissible,,false,true,true,true
view_control.set_toolkit_visibility,state_mutation,model_mutation,,quick,no_recorded_gap,admissible,,false,true,true,true
view_control.set_view_clipping_plane,state_mutation,model_mutation,,quick,no_recorded_gap,admissible,,false,true,true,true
view_control.set_working_color,state_mutation,model_mutation,,quick,no_recorded_gap,admissible,,false,true,true,true
view_control.set_working_color_auto_increment,state_mutation,model_mutation,,quick,no_recorded_gap,admissible,,false,true,true,true
view_control.show_by_object_type,state_mutation,model_mutation,,quick,no_recorded_gap,admissible,,false,true,true,true
view_control.show_hide_annotations_for_datums,state_mutation,model_mutation,,quick,no_recorded_gap,admissible,,false,true,true,true
view_control.show_hide_annotations_for_feature_checks,state_mutation,model_mutation,,quick,no_recorded_gap,admissible,,false,true,true,true
view_control.show_hide_by_object_type,state_mutation,model_mutation,,quick,no_recorded_gap,admissible,,false,true,true,true
view_control.show_hide_callout_view,state_mutation,model_mutation,,quick,no_recorded_gap,admissible,,false,true,true,true
view_control.show_hide_dimension,state_mutation,model_mutation,,quick,no_recorded_gap,admissible,,false,true,true,true
view_control.show_hide_inspection_bar,state_mutation,model_mutation,,quick,no_recorded_gap,admissible,,false,true,true,true
view_control.show_hide_instrument_interface,state_mutation,model_mutation,,quick,no_recorded_gap,admissible,,false,true,true,true
view_control.show_hide_instrument_probe_tip,state_mutation,model_mutation,,quick,no_recorded_gap,admissible,,false,true,true,true
view_control.show_hide_instruments,state_mutation,model_mutation,,quick,no_recorded_gap,admissible,,false,true,true,true
view_control.show_hide_points,state_mutation,model_mutation,,quick,no_recorded_gap,admissible,,false,true,true,true
view_control.show_hide_relationship_report,state_mutation,model_mutation,,quick,no_recorded_gap,admissible,,false,true,true,true
view_control.show_hide_relationship_watch,state_mutation,model_mutation,,quick,no_recorded_gap,admissible,,false,true,true,true
view_control.show_items_in_tree,state_mutation,model_mutation,,quick,no_recorded_gap,admissible,,false,true,true,true
view_control.show_labels,state_mutation,model_mutation,,quick,no_recorded_gap,admissible,,false,true,true,true
view_control.show_objects,state_mutation,model_mutation,,quick,no_recorded_gap,admissible,,false,true,true,true
